City_ID,City,Country,Date,Lat,Lng,Max Temp,Humidity,Cloudiness,Wind Speed
0,Ushuaia,AR,2022-02-05 00:12:37,-54.8,-68.3,51.46,62,0,11.5
1,Te Anau,NZ,2022-02-05 00:15:32,-45.4167,167.7167,58.87,46,24,4.05
2,Jamestown,US,2022-02-05 00:17:24,42.097,-79.2353,19.29,51,100,3.44
3,Norman Wells,CA,2022-02-05 00:17:25,65.282,-126.8329,-11.16,64,75,19.57
4,Rikitea,PF,2022-02-05 00:17:25,-23.1203,-134.9692,79.02,67,5,5.97
5,Kodiak,US,2022-02-05 00:17:26,57.79,-152.4072,38.71,81,75,4.61
6,Carnarvon,AU,2022-02-05 00:17:26,-24.8667,113.6333,88.41,33,80,10.4
7,Wadi Maliz,TN,2022-02-05 00:17:26,36.4681,8.5495,48.65,52,60,4.45
8,Yatou,CN,2022-02-05 00:17:27,37.15,122.3833,26.19,48,79,12.37
9,Atuona,PF,2022-02-05 00:12:30,-9.8,-139.0333,78.4,77,25,16.58
10,Busselton,AU,2022-02-05 00:17:27,-33.65,115.3333,79.61,37,1,2.48
11,Hokitika,NZ,2022-02-05 00:17:28,-42.7167,170.9667,62.47,81,100,7.56
12,Baykit,RU,2022-02-05 00:17:28,61.67,96.37,10.69,97,100,3.0
13,Geraldton,AU,2022-02-05 00:17:28,-28.7667,114.6,95.41,11,0,17.27
14,Cayenne,GF,2022-02-05 00:17:29,4.9333,-52.3333,79.09,88,75,3.0
15,Avarua,CK,2022-02-05 00:17:29,-21.2078,-159.775,82.45,74,40,14.97
16,Puerto Ayora,EC,2022-02-05 00:17:30,-0.7393,-90.3518,75.54,92,81,5.01
17,Shimoda,JP,2022-02-05 00:17:30,34.6667,138.95,44.96,62,22,28.79
18,Hermanus,ZA,2022-02-05 00:17:30,-34.4187,19.2345,63.81,69,1,18.5
19,Alofi,NU,2022-02-05 00:17:31,-19.0595,-169.9187,82.29,83,100,10.36
20,Kananga,CD,2022-02-05 00:17:31,-5.8958,22.4178,66.38,91,99,1.43
21,Noumea,NC,2022-02-05 00:17:32,-22.2763,166.4572,89.58,73,100,7.63
22,Bluff,NZ,2022-02-05 00:17:32,-46.6,168.3333,57.79,57,90,5.57
23,Obo,CF,2022-02-05 00:17:32,5.3998,26.4869,73.78,24,99,4.56
24,Yellowknife,CA,2022-02-05 00:16:39,62.456,-114.3525,-26.45,80,40,2.3
25,Lasa,IT,2022-02-05 00:17:33,46.6166,10.7002,38.66,74,65,5.91
26,Hambantota,LK,2022-02-05 00:17:33,6.1241,81.1185,72.84,87,24,7.05
27,Itarema,BR,2022-02-05 00:17:34,-2.9248,-39.9167,79.38,79,62,10.85
28,Mahebourg,MU,2022-02-05 00:15:03,-20.4081,57.7,79.25,86,100,18.81
29,Durusu,TR,2022-02-05 00:17:34,41.3053,28.6767,35.83,77,5,5.99
30,Barrow,US,2022-02-05 00:17:35,71.2906,-156.7887,-20.18,69,100,9.22
31,Port Hardy,CA,2022-02-05 00:14:34,50.6996,-127.4199,44.76,90,100,11.48
32,Punta Arenas,CL,2022-02-05 00:17:35,-53.15,-70.9167,51.91,62,0,3.44
33,Luderitz,NA,2022-02-05 00:16:14,-26.6481,15.1594,67.17,74,9,4.18
34,Bengkulu,ID,2022-02-05 00:17:36,-3.8004,102.2655,73.27,92,100,3.36
35,Kaitangata,NZ,2022-02-05 00:17:36,-46.2817,169.8464,58.39,48,91,5.46
36,Snihurivka,UA,2022-02-05 00:17:36,47.0758,32.8052,24.66,73,1,4.07
37,Goba,ET,2022-02-05 00:16:13,7.0167,39.9833,48.99,38,0,3.83
38,Bredasdorp,ZA,2022-02-05 00:17:37,-34.5322,20.0403,67.32,64,45,12.66
39,Sakassou,CI,2022-02-05 00:17:37,7.4546,-5.2926,78.48,22,6,2.3
40,Beringovskiy,RU,2022-02-05 00:16:18,63.05,179.3167,-7.74,86,69,11.83
41,Iqaluit,CA,2022-02-05 00:17:37,63.7506,-68.5145,-16.87,52,75,8.05
42,Port Macquarie,AU,2022-02-05 00:17:30,-31.4333,152.9167,73.89,56,83,15.9
43,Tuatapere,NZ,2022-02-05 00:17:38,-46.1333,167.6833,57.81,56,91,5.23
44,Dikson,RU,2022-02-05 00:17:38,73.5069,80.5464,-1.97,95,100,6.55
45,Georgetown,MY,2022-02-05 00:16:36,5.4112,100.3354,78.73,92,20,0.0
46,Goya,AR,2022-02-05 00:17:39,-29.14,-59.2626,82.2,49,85,4.12
47,Kieta,PG,2022-02-05 00:17:39,-6.2167,155.6333,86.14,70,100,11.68
48,Saint George,US,2022-02-05 00:18:39,37.1041,-113.5841,54.07,23,0,3.44
49,Torbay,CA,2022-02-05 00:15:07,47.6666,-52.7314,32.76,96,100,10.36
50,Aginskoye,RU,2022-02-05 00:18:40,51.1,114.53,-1.68,88,33,12.01
51,Port Alfred,ZA,2022-02-05 00:18:40,-33.5906,26.891,68.61,80,98,6.35
52,Tasiilaq,GL,2022-02-05 00:18:41,65.6145,-37.6368,24.96,75,100,39.1
53,Rawson,AR,2022-02-05 00:18:41,-43.3002,-65.1023,59.31,68,76,22.03
54,Nogliki,RU,2022-02-05 00:18:41,51.8333,143.1667,6.01,90,100,19.55
55,Agadez,NE,2022-02-05 00:18:42,19.75,10.25,54.46,26,0,8.79
56,Coihaique,CL,2022-02-05 00:18:42,-45.5752,-72.0662,66.81,48,0,4.61
57,Srednekolymsk,RU,2022-02-05 00:18:43,67.45,153.6833,-35.25,100,100,2.53
58,Nishihara,JP,2022-02-05 00:18:43,26.1842,127.7558,59.05,65,75,16.11
59,Katsuura,JP,2022-02-05 00:18:44,35.1333,140.3,48.18,47,64,12.77
60,Albany,US,2022-02-05 00:17:42,42.6001,-73.9662,21.81,86,100,1.99
61,Acapulco,MX,2022-02-05 00:18:44,16.8634,-99.8901,82.22,65,20,3.44
62,Cienfuegos,CU,2022-02-05 00:18:44,22.1461,-80.4356,75.34,94,40,3.44
63,Hilo,US,2022-02-05 00:18:10,19.7297,-155.09,78.62,79,100,8.05
64,Maceio,BR,2022-02-05 00:18:45,-9.6658,-35.7353,76.44,83,40,4.61
65,San Francisco,US,2022-02-05 00:15:10,37.7749,-122.4194,66.18,52,20,3.0
66,Mataura,NZ,2022-02-05 00:18:45,-46.1927,168.8643,57.47,43,86,3.22
67,Thompson,CA,2022-02-05 00:18:46,55.7435,-97.8558,-18.24,69,20,5.75
68,Chokurdakh,RU,2022-02-05 00:18:46,70.6333,147.9167,-31.16,100,26,2.19
69,Port Elizabeth,ZA,2022-02-05 00:18:46,-33.918,25.5701,66.49,82,40,6.91
70,Hervey Bay,AU,2022-02-05 00:18:47,-25.2986,152.8535,83.03,63,24,15.99
71,Huarmey,PE,2022-02-05 00:18:47,-10.0681,-78.1522,71.69,81,14,10.49
72,Kahului,US,2022-02-05 00:13:52,20.8947,-156.47,83.46,69,20,14.97
73,Richards Bay,ZA,2022-02-05 00:18:48,-28.783,32.0377,71.29,93,100,16.2
74,Constitucion,CL,2022-02-05 00:18:48,-35.3333,-72.4167,60.98,82,12,14.79
75,Nouakchott,MR,2022-02-05 00:18:49,18.0858,-15.9785,69.73,41,0,11.01
76,Garowe,SO,2022-02-05 00:18:49,8.4054,48.4845,63.46,46,21,10.0
77,Black River,JM,2022-02-05 00:18:49,18.0264,-77.8487,80.6,78,38,1.97
78,Verkhnyaya Inta,RU,2022-02-05 00:18:50,65.9811,60.3094,4.33,98,99,5.53
79,Namibe,AO,2022-02-05 00:18:50,-15.1961,12.1522,71.42,72,68,7.05
80,Paripiranga,BR,2022-02-05 00:18:50,-10.6875,-37.8617,72.14,80,36,9.57
81,Qaanaaq,GL,2022-02-05 00:18:51,77.484,-69.3632,0.05,70,100,7.25
82,Ponta Do Sol,PT,2022-02-05 00:18:51,32.6667,-17.1,66.7,66,100,3.36
83,Tumpat,MY,2022-02-05 00:18:52,6.1978,102.171,80.65,83,20,10.36
84,Saldanha,ZA,2022-02-05 00:18:52,-33.0117,17.9442,62.15,72,0,14.14
85,Hofn,IS,2022-02-05 00:18:52,64.2539,-15.2082,24.94,64,35,17.36
86,Castro,BR,2022-02-05 00:18:53,-24.7911,-50.0119,66.42,98,92,3.78
87,Thessalon,CA,2022-02-05 00:18:53,46.2501,-83.5666,7.56,89,71,3.96
88,Lata,PT,2022-02-05 00:18:54,40.1629,-8.3327,48.06,96,100,2.26
89,College,US,2022-02-05 00:19:54,64.8569,-147.8028,6.58,62,75,5.75
90,Nikolskoye,RU,2022-02-05 00:19:54,59.7035,30.7861,17.8,89,80,11.83
91,New Norfolk,AU,2022-02-05 00:19:55,-42.7826,147.0587,67.66,54,45,3.09
92,East London,ZA,2022-02-05 00:17:35,-33.0153,27.9116,68.9,85,99,7.74
93,Lompoc,US,2022-02-05 00:19:55,34.6391,-120.4579,68.68,45,0,10.36
94,Pevek,RU,2022-02-05 00:19:56,69.7008,170.3133,-22.92,100,95,5.48
95,Mogadishu,SO,2022-02-05 00:19:56,2.0371,45.3438,75.92,86,56,18.77
96,Hobart,AU,2022-02-05 00:17:44,-42.8794,147.3294,68.02,71,75,1.01
97,Phan Thiet,VN,2022-02-05 00:15:10,10.9333,108.1,73.83,71,100,7.31
98,Erenhot,CN,2022-02-05 00:19:57,43.6475,111.9767,1.18,88,7,9.75
99,Goderich,CA,2022-02-05 00:19:57,43.7501,-81.7165,15.91,78,100,3.44
100,Clyde River,CA,2022-02-05 00:19:57,70.4692,-68.5914,-7.37,77,100,5.75
101,Hithadhoo,MV,2022-02-05 00:19:58,-0.6,73.0833,81.55,73,85,11.43
102,Homer,US,2022-02-05 00:19:58,59.6425,-151.5483,35.49,82,75,0.0
103,Porto Walter,BR,2022-02-05 00:19:59,-8.2686,-72.7439,75.11,85,100,2.91
104,Fort Nelson,CA,2022-02-05 00:15:20,58.8053,-122.7002,-9.81,77,100,2.3
105,Hanting,CN,2022-02-05 00:19:59,36.7708,119.2108,22.26,35,1,9.8
106,Karratha,AU,2022-02-05 00:19:59,-20.7377,116.8463,87.8,61,91,11.07
107,Tuktoyaktuk,CA,2022-02-05 00:20:00,69.4541,-133.0374,-23.8,76,0,12.66
108,Namatanai,PG,2022-02-05 00:20:00,-3.6667,152.4333,84.42,69,100,9.8
109,Pierre,US,2022-02-05 00:17:59,44.3683,-100.351,16.72,38,100,3.0
110,Kruisfontein,ZA,2022-02-05 00:20:01,-34.0033,24.7314,63.88,72,98,4.97
111,Mawlaik,MM,2022-02-05 00:20:01,23.6333,94.4167,55.31,80,72,1.21
112,Kloulklubed,PW,2022-02-05 00:20:02,7.0419,134.2556,82.9,80,25,15.55
113,Upernavik,GL,2022-02-05 00:20:02,72.7868,-56.1549,-0.45,99,95,5.28
114,Kapaa,US,2022-02-05 00:20:03,22.0752,-159.319,80.47,72,40,1.99
115,Calvinia,ZA,2022-02-05 00:20:03,-31.4707,19.776,69.98,47,3,9.48
116,Vaini,TO,2022-02-05 00:20:03,-21.2,-175.2,77.16,100,100,11.5
117,Moerai,PF,2022-02-05 00:20:04,-22.4333,-151.3333,78.3,78,40,16.06
118,Imeni Poliny Osipenko,RU,2022-02-05 00:20:04,52.4201,136.4853,1.63,89,100,5.79
119,Chuy,UY,2022-02-05 00:20:05,-33.6971,-53.4616,70.05,93,5,7.0
120,Grand Gaube,MU,2022-02-05 00:20:05,-20.0064,57.6608,79.38,83,91,7.0
121,Salalah,OM,2022-02-05 00:20:05,17.0151,54.0924,68.56,77,3,2.1
122,Lazurne,UA,2022-02-05 00:20:06,46.084,32.5295,24.03,60,5,3.67
123,Serebryansk,KZ,2022-02-05 00:20:06,49.6925,83.2892,-18.29,93,27,5.17
124,Komsomolskiy,UZ,2022-02-05 00:20:07,40.4272,71.7189,33.22,68,33,9.22
125,Faanui,PF,2022-02-05 00:20:07,-16.4833,-151.75,80.71,75,41,14.2
126,Clonakilty,IE,2022-02-05 00:20:08,51.6231,-8.8706,39.09,76,9,9.62
127,Shingu,JP,2022-02-05 00:20:08,33.7333,135.9833,40.19,57,27,16.13
128,Touros,BR,2022-02-05 00:20:08,-5.1989,-35.4608,81.5,72,11,12.93
129,Butaritari,KI,2022-02-05 00:15:16,3.0707,172.7902,82.58,76,13,19.95
130,Batemans Bay,AU,2022-02-05 00:20:09,-35.7167,150.1833,69.19,76,93,10.63
131,Ribeira Grande,PT,2022-02-05 00:20:09,38.5167,-28.7,59.36,80,78,14.52
132,Sorong,ID,2022-02-05 00:20:10,-0.8833,131.25,83.01,77,100,13.51
133,Pangnirtung,CA,2022-02-05 00:20:10,66.1451,-65.7125,-24.0,99,100,1.14
134,Nola,IT,2022-02-05 00:20:10,40.922,14.5329,55.54,78,97,2.57
135,Slantsy,RU,2022-02-05 00:21:11,59.1182,28.0914,19.38,87,90,13.51
136,Yumen,CN,2022-02-05 00:21:11,40.2833,97.2,14.65,39,100,12.88
137,Nanortalik,GL,2022-02-05 00:21:11,60.1432,-45.2371,11.55,70,100,38.39
138,Talnakh,RU,2022-02-05 00:21:12,69.4865,88.3972,1.2,97,98,6.13
139,Phuthaditjhaba,ZA,2022-02-05 00:21:12,-28.5242,28.8158,56.62,98,100,5.68
140,Lima,PE,2022-02-05 00:19:49,-12.0432,-77.0282,71.38,79,0,17.27
141,Mankono,CI,2022-02-05 00:21:13,8.0586,-6.1897,74.41,23,40,1.83
142,Sinnamary,GF,2022-02-05 00:21:13,5.3833,-52.95,76.39,88,97,8.59
143,Leningradskiy,RU,2022-02-05 00:21:13,69.3833,178.4167,-14.35,91,65,9.17
144,Jibuti,DJ,2022-02-05 00:20:31,11.5,42.5,63.82,56,2,6.93
145,Pitimbu,BR,2022-02-05 00:21:14,-7.4706,-34.8086,81.19,70,27,9.82
146,Cape Town,ZA,2022-02-05 00:21:14,-33.9258,18.4232,65.08,59,0,5.01
147,Saint Anthony,US,2022-02-05 00:21:15,45.0205,-93.218,6.87,66,0,3.0
148,Esperance,AU,2022-02-05 00:21:15,-33.8667,121.9,71.83,61,2,13.44
149,Mar Del Plata,AR,2022-02-05 00:17:32,-38.0023,-57.5575,66.87,84,100,7.0
150,Anloga,GH,2022-02-05 00:16:17,5.7947,0.8973,80.44,82,9,7.0
151,Khatanga,RU,2022-02-05 00:21:16,71.9667,102.5,-36.54,100,80,2.75
152,Provideniya,RU,2022-02-05 00:21:16,64.3833,-173.3,3.6,60,4,12.12
153,Prachuap Khiri Khan,TH,2022-02-05 00:21:16,12.2167,99.75,71.91,92,55,2.15
154,Port Hedland,AU,2022-02-05 00:21:17,-20.3167,118.5667,91.45,62,100,12.66
155,Tarangnan,PH,2022-02-05 00:21:17,11.9009,124.7459,74.8,89,100,10.22
156,Sistranda,NO,2022-02-05 00:21:18,63.7256,8.834,36.9,81,100,41.99
157,Ostersund,SE,2022-02-05 00:21:18,63.1792,14.6357,27.05,74,19,11.5
158,Broome,US,2022-02-05 00:21:19,42.2506,-75.833,18.63,77,100,3.0
159,Tra Vinh,VN,2022-02-05 00:21:19,9.9347,106.3453,75.63,81,67,6.29
160,Latung,PH,2022-02-05 00:21:19,5.5,120.8833,81.23,79,97,17.83
161,Bandarbeyla,SO,2022-02-05 00:18:53,9.4942,50.8122,72.81,74,1,5.97
162,Comodoro Rivadavia,AR,2022-02-05 00:20:50,-45.8667,-67.5,57.06,67,0,6.91
163,Belmonte,BR,2022-02-05 00:21:20,-15.8631,-38.8828,81.1,83,100,10.27
164,Sola,VU,2022-02-05 00:21:20,-13.8833,167.55,81.27,89,100,0.0
165,Severo-Kurilsk,RU,2022-02-05 00:21:21,50.6789,156.125,30.7,89,96,7.52
166,Juegang,CN,2022-02-05 00:21:21,32.3174,121.1855,38.91,57,17,12.12
167,Lavrentiya,RU,2022-02-05 00:21:21,65.5833,-171.0,-6.18,77,0,7.72
168,Tazovskiy,RU,2022-02-05 00:21:22,67.4667,78.7,6.87,96,99,6.26
169,Zhezkazgan,KZ,2022-02-05 00:21:22,47.8043,67.7144,5.5,84,38,11.5
170,Nizhniy Kuranakh,RU,2022-02-05 00:21:23,58.8353,125.4869,-6.36,99,100,3.49
171,Salug,PH,2022-02-05 00:21:23,8.1147,122.7833,78.67,85,79,11.21
172,Maningrida,AU,2022-02-05 00:21:24,-12.0667,134.2667,82.87,73,98,8.41
173,Vao,NC,2022-02-05 00:21:24,-22.6667,167.4833,80.17,87,100,17.67
174,Mareeba,AU,2022-02-05 00:21:25,-17.0,145.4333,81.66,86,100,1.5
175,Feijo,BR,2022-02-05 00:21:25,-8.1642,-70.3536,72.57,99,97,2.33
176,Westport,US,2022-02-05 00:21:25,41.1415,-73.3579,34.81,91,100,3.0
177,Grenaa,DK,2022-02-05 00:21:26,56.4158,10.8783,35.85,79,77,20.15
178,Palenque,MX,2022-02-05 00:21:26,17.5167,-91.9667,70.34,96,41,11.59
179,Sao Filipe,CV,2022-02-05 00:21:26,14.8961,-24.4956,73.94,70,0,6.42
180,Viedma,AR,2022-02-05 00:21:27,-40.8135,-62.9967,65.07,69,100,18.99
181,Dukat,RU,2022-02-05 00:21:27,62.55,155.55,-14.33,74,2,6.53
182,Kalabo,ZM,2022-02-05 00:21:28,-14.97,22.6814,65.46,95,99,4.52
183,Mlawa,PL,2022-02-05 00:22:28,53.1128,20.3841,39.09,92,100,14.85
184,Topolobampo,MX,2022-02-05 00:22:28,25.6,-109.05,67.91,34,0,18.41
185,Sawakin,SD,2022-02-05 00:22:29,19.1059,37.3321,68.07,51,5,11.12
186,Husavik,IS,2022-02-05 00:22:29,66.0449,-17.3389,19.31,94,100,4.34
187,Urumqi,CN,2022-02-05 00:22:02,43.801,87.6005,-1.25,85,75,2.24
188,Maldonado,UY,2022-02-05 00:18:26,-34.6667,-54.9167,69.19,94,34,3.04
189,Caldwell,US,2022-02-05 00:20:00,43.6629,-116.6874,38.19,60,0,8.05
190,Ancud,CL,2022-02-05 00:22:30,-41.8697,-73.8203,59.43,82,81,2.39
191,Quatre Cocos,MU,2022-02-05 00:22:30,-20.2078,57.7625,79.09,86,98,17.07
192,Kant,IN,2022-02-05 00:22:31,27.8,79.8,46.56,94,0,4.43
193,Nizhniy Tsasuchey,RU,2022-02-05 00:22:31,50.5167,115.1333,2.21,79,32,11.99
194,Arraial Do Cabo,BR,2022-02-05 00:22:31,-22.9661,-42.0278,76.66,87,95,21.39
195,Kishorganj,BD,2022-02-05 00:22:32,24.4333,90.7667,57.78,93,86,9.71
196,Road Town,VG,2022-02-05 00:20:03,18.4167,-64.6167,75.24,83,20,11.5
197,Novoagansk,RU,2022-02-05 00:22:32,61.9449,76.6625,14.5,95,100,9.6
198,Talcahuano,CL,2022-02-05 00:22:33,-36.7167,-73.1167,61.68,75,1,17.45
199,High Level,CA,2022-02-05 00:22:33,58.5169,-117.136,-0.29,78,100,4.61
200,Satara,IN,2022-02-05 00:22:34,17.6833,73.9833,59.07,67,15,1.88
201,Arman,RU,2022-02-05 00:22:34,59.7,150.1667,-1.28,72,87,12.93
202,Raton,US,2022-02-05 00:22:34,36.9034,-104.4391,32.65,42,0,4.61
203,San Patricio,US,2022-02-05 00:22:35,28.017,-97.5169,46.49,58,36,17.4
204,Saskylakh,RU,2022-02-05 00:22:35,71.9167,114.0833,-7.74,99,100,5.57
205,Ekimchan,RU,2022-02-05 00:22:36,53.0667,132.9667,-12.55,97,70,2.66
206,Shinuhayr,AM,2022-02-05 00:22:36,39.4367,46.3179,28.29,78,93,4.29
207,Ostrovnoy,RU,2022-02-05 00:22:37,68.0531,39.5131,10.44,88,100,19.1
208,Walvis Bay,NA,2022-02-05 00:22:37,-22.9575,14.5053,66.09,88,74,5.75
209,Rundu,NA,2022-02-05 00:22:37,-17.9333,19.7667,65.52,94,70,4.03
210,Alpena,US,2022-02-05 00:22:38,45.0617,-83.4327,10.54,74,75,1.01
211,Santander,ES,2022-02-05 00:22:38,43.4647,-3.8044,50.99,72,100,7.0
212,Kochki,RU,2022-02-05 00:22:06,54.3358,80.4806,8.29,85,88,8.52
213,Am Timan,TD,2022-02-05 00:22:39,11.0297,20.2827,72.1,19,16,6.67
214,Ottawa,CA,2022-02-05 00:20:26,45.4112,-75.6981,10.98,71,75,10.36
215,Wanning,CN,2022-02-05 00:22:39,18.8003,110.3967,63.18,88,100,10.11
216,Gnjilane,XK,2022-02-05 00:22:39,42.4604,21.4699,29.59,82,6,0.81
217,Cidreira,BR,2022-02-05 00:22:40,-30.1811,-50.2056,72.82,93,99,6.33
218,Trincomalee,LK,2022-02-05 00:22:40,8.5711,81.2335,75.0,80,13,7.52
219,Arlit,NE,2022-02-05 00:22:40,18.7369,7.3853,58.15,22,0,8.93
220,Opuwo,NA,2022-02-05 00:22:41,-18.0607,13.84,69.22,50,80,2.82
221,San,ML,2022-02-05 00:22:41,13.3034,-4.8956,72.95,12,15,9.98
222,Muros,ES,2022-02-05 00:22:42,42.7762,-9.0603,52.23,88,97,14.74
223,Omboue,GA,2022-02-05 00:22:42,-1.5746,9.2618,76.95,85,62,4.63
224,Gobabis,NA,2022-02-05 00:22:43,-22.45,18.9667,70.3,65,11,10.67
225,Adrar,MR,2022-02-05 00:22:43,20.5022,-10.0711,65.5,11,14,9.28
226,Najran,SA,2022-02-05 00:22:43,17.4924,44.1277,66.85,71,7,8.59
227,Costinesti,RO,2022-02-05 00:22:44,43.95,28.6333,36.01,79,18,10.4
228,Madisonville,US,2022-02-05 00:18:01,37.3281,-87.4989,22.86,96,67,4.54
229,Salinopolis,BR,2022-02-05 00:23:44,-0.6136,-47.3561,78.42,85,100,8.97
230,Jinchang,CN,2022-02-05 00:23:44,38.4953,102.1739,16.83,38,100,4.54
231,Tura,IN,2022-02-05 00:23:45,25.5198,90.2201,53.08,96,76,3.27
232,Aquiraz,BR,2022-02-05 00:23:45,-3.9014,-38.3911,82.49,80,68,8.46
233,Nemuro,JP,2022-02-05 00:23:46,43.3236,145.575,23.43,70,16,12.08
234,Kudahuvadhoo,MV,2022-02-05 00:23:46,2.6708,72.8944,81.37,74,75,7.87
235,Udachnyy,RU,2022-02-05 00:23:46,66.4167,112.4,-33.86,100,65,3.58
236,Ambon,ID,2022-02-05 00:23:47,-3.6954,128.1814,84.34,74,0,4.61
237,Batsfjord,NO,2022-02-05 00:23:47,70.6345,29.7185,19.62,91,100,28.07
238,Wanlaweyn,SO,2022-02-05 00:23:47,2.6185,44.8938,74.41,79,36,12.59
239,Las Vegas,US,2022-02-05 00:19:37,36.175,-115.1372,57.58,20,0,3.44
240,Lobito,AO,2022-02-05 00:23:48,-12.3481,13.5456,75.02,73,100,5.66
241,Aktash,RU,2022-02-05 00:23:48,50.3,87.7333,-18.65,77,3,5.41
242,Tekeli,KZ,2022-02-05 00:23:49,44.83,78.8239,16.3,58,3,11.16
243,Bethel,US,2022-02-05 00:23:49,41.3712,-73.414,32.52,85,100,5.75
244,Pampa,US,2022-02-05 00:23:49,35.5362,-100.9599,34.75,74,0,5.75
245,Nortelandia,BR,2022-02-05 00:23:50,-14.4547,-56.8028,74.73,90,88,2.75
246,Mandera,KE,2022-02-05 00:23:50,3.9366,41.867,76.55,21,61,6.35
247,Xining,CN,2022-02-05 00:23:50,36.6167,101.7667,14.7,68,100,3.4
248,Labytnangi,RU,2022-02-05 00:23:51,66.6572,66.4183,1.74,96,98,2.98
249,Oksfjord,NO,2022-02-05 00:23:51,70.2396,22.3479,17.01,90,98,14.58
250,Coquimbo,CL,2022-02-05 00:23:51,-29.9533,-71.3436,66.09,79,1,4.47
251,Zyryanka,RU,2022-02-05 00:23:52,65.75,150.85,-37.37,100,99,2.89
252,Chumikan,RU,2022-02-05 00:23:52,54.7183,135.315,-3.28,77,100,15.21
253,Kavieng,PG,2022-02-05 00:23:52,-2.5744,150.7967,83.23,70,93,5.61
254,Puro,PH,2022-02-05 00:23:53,12.4841,123.3827,76.55,84,100,15.75
255,Airai,TL,2022-02-05 00:23:53,-8.9266,125.4092,68.16,73,85,1.77
256,Eloy,US,2022-02-05 00:23:53,32.7559,-111.5548,63.25,15,0,15.84
257,Poum,NC,2022-02-05 00:23:54,-20.2333,164.0167,81.48,78,99,19.08
258,Mitsamiouli,KM,2022-02-05 00:23:54,-11.3847,43.2844,81.39,80,83,12.12
259,Panaba,MX,2022-02-05 00:23:55,21.2833,-88.2667,76.62,76,35,12.71
260,Arsenyev,RU,2022-02-05 00:23:55,44.1631,133.2733,0.25,90,90,4.0
261,Pisco,PE,2022-02-05 00:23:55,-13.7,-76.2167,68.05,83,0,18.41
262,Gimli,CA,2022-02-05 00:19:14,50.6336,-96.9907,-13.88,76,86,3.44
263,Hamilton,US,2022-02-05 00:23:56,39.1834,-84.5333,24.04,86,100,2.82
264,Ayia Galini,GR,2022-02-05 00:23:56,35.1,24.6833,47.39,78,1,5.19
265,Bambous Virieux,MU,2022-02-05 00:23:57,-20.3428,57.7575,79.21,86,100,18.39
266,Tiznit,MA,2022-02-05 00:23:57,29.5833,-9.5,63.32,32,100,0.67
267,Vendome,FR,2022-02-05 00:23:58,47.8,1.0667,35.89,89,9,6.64
268,Manaure,CO,2022-02-05 00:23:58,11.7751,-72.4445,79.09,73,12,21.65
269,Atar,MR,2022-02-05 00:23:59,20.5169,-13.0499,70.9,11,16,5.91
270,Grindavik,IS,2022-02-05 00:23:59,63.8424,-22.4338,27.07,63,100,19.57
271,Sarahan,IN,2022-02-05 00:23:59,31.5167,77.8,21.97,61,2,11.27
272,Taylorville,US,2022-02-05 00:24:00,39.5489,-89.2945,22.98,68,100,8.05
273,Abu Zabad,SD,2022-02-05 00:24:00,12.35,29.25,62.67,17,88,16.62
274,Berlevag,NO,2022-02-05 00:22:47,70.8578,29.0864,22.46,86,100,31.43
275,Raudeberg,NO,2022-02-05 00:24:00,61.9875,5.1352,39.2,85,100,11.99
276,Narsaq,GL,2022-02-05 00:25:01,60.9167,-46.05,-1.8,60,11,13.82
277,Ixtapa,MX,2022-02-05 00:25:01,20.7,-105.2,74.43,69,75,8.05
278,Conceicao Do Araguaia,BR,2022-02-05 00:25:01,-8.2578,-49.2647,76.03,90,94,2.33
279,Alta Floresta,BR,2022-02-05 00:25:02,-9.8756,-56.0861,74.5,91,18,0.98
280,Bari,IT,2022-02-05 00:25:02,41.1177,16.8512,51.84,87,0,1.99
281,Germantown,US,2022-02-05 00:25:03,39.1732,-77.2717,37.94,83,100,1.01
282,Gizo,SB,2022-02-05 00:25:03,-8.103,156.8419,84.43,75,100,12.06
283,Sur,OM,2022-02-05 00:25:03,22.5667,59.5289,69.33,55,6,7.58
284,Lajedo,BR,2022-02-05 00:25:04,-8.6636,-36.32,69.85,83,50,9.17
285,Filadelfia,US,2022-02-05 00:20:04,39.9523,-75.1638,35.19,92,100,1.99
286,Cascais,PT,2022-02-05 00:25:04,38.6979,-9.4215,54.52,71,94,1.01
287,Aklavik,CA,2022-02-05 00:25:05,68.2191,-135.0107,-19.37,69,0,8.05
288,Varkaus,FI,2022-02-05 00:25:05,62.3153,27.873,18.3,90,100,16.04
289,Petropavlovsk-Kamchatskiy,RU,2022-02-05 00:23:18,53.0452,158.6483,27.19,59,75,15.66
290,Bang Saphan,TH,2022-02-05 00:25:05,11.2126,99.5117,73.35,86,34,1.63
291,Joao Pinheiro,BR,2022-02-05 00:25:06,-17.7425,-46.1725,71.11,81,98,3.51
292,Nagua,DO,2022-02-05 00:25:06,19.3832,-69.8474,75.25,94,40,11.5
293,Thunder Bay,CA,2022-02-05 00:20:07,48.4001,-89.3168,6.71,56,20,4.61
294,Sorland,NO,2022-02-05 00:25:07,67.667,12.6934,31.03,71,55,27.22
295,Esmeralda,CU,2022-02-05 00:25:07,21.8525,-78.1169,74.44,71,12,8.41
296,Gotsu,JP,2022-02-05 00:25:08,35.0,132.2167,35.74,56,100,24.18
297,Victoria,HK,2022-02-05 00:24:24,22.2855,114.1577,58.24,78,99,5.01
298,Nome,US,2022-02-05 00:25:08,64.5011,-165.4064,6.87,52,0,10.36
299,Hovd,MN,2022-02-05 00:25:08,48.0056,91.6419,-11.72,78,10,3.33
300,Tiarei,PF,2022-02-05 00:25:09,-17.5333,-149.3333,84.22,75,15,15.28
301,Santa Cruz,BO,2022-02-05 00:25:09,-17.8,-63.1667,76.46,88,75,9.22
302,Borogontsy,RU,2022-02-05 00:25:09,62.6683,131.1683,-38.51,100,98,1.01
303,Tigzirt,DZ,2022-02-05 00:25:10,36.8886,4.1198,57.31,56,100,3.13
304,Urengoy,RU,2022-02-05 00:25:10,65.9667,78.3667,12.9,96,100,6.29
305,Isangel,VU,2022-02-05 00:25:11,-19.55,169.2667,78.91,94,100,2.3
306,Azad Shahr,IR,2022-02-05 00:25:11,34.7909,48.5707,30.76,100,100,13.8
307,Champua,IN,2022-02-05 00:25:11,22.0833,85.6667,54.66,64,0,6.22
308,Sitka,US,2022-02-05 00:25:12,57.0531,-135.33,42.69,87,100,10.36
309,Longyearbyen,SJ,2022-02-05 00:25:12,78.2186,15.6401,17.44,62,20,27.63
310,Peniche,PT,2022-02-05 00:25:13,39.3558,-9.3811,54.63,75,97,13.15
311,Banda Aceh,ID,2022-02-05 00:25:13,5.5577,95.3222,77.61,82,94,9.26
312,Tarauaca,BR,2022-02-05 00:25:13,-8.1614,-70.7656,73.18,99,97,2.33
313,Khvorostyanka,RU,2022-02-05 00:25:14,52.6096,48.9597,29.62,98,100,4.88
314,Laminusa,PH,2022-02-05 00:25:14,5.5549,120.9136,81.0,80,94,16.91
315,Blagoyevo,RU,2022-02-05 00:21:12,63.3667,47.9167,-9.06,100,89,2.1
316,Kamakwie,SL,2022-02-05 00:25:15,9.5,-12.2333,74.08,26,5,4.14
317,Ola,RU,2022-02-05 00:25:15,59.5833,151.2833,-1.52,77,75,11.39
318,Aksu,CN,2022-02-05 00:25:16,41.1231,80.2644,26.37,65,97,6.26
319,Tiksi,RU,2022-02-05 00:25:16,71.6872,128.8694,-21.26,98,98,7.09
320,Chapais,CA,2022-02-05 00:25:16,49.7834,-74.8492,-9.62,93,93,4.36
321,Passo De Camaragibe,BR,2022-02-05 00:26:17,-9.2368,-35.4901,76.55,80,14,3.31
322,Dawson Creek,CA,2022-02-05 00:24:45,55.7666,-120.2362,-0.44,93,86,1.9
323,Jurm,AF,2022-02-05 00:26:17,36.8648,70.8342,20.17,30,47,7.18
324,Itacare,BR,2022-02-05 00:26:18,-14.2775,-38.9967,82.29,81,96,7.2
325,Wilmington,US,2022-02-05 00:23:24,34.2257,-77.9447,66.11,85,100,12.66
326,Cabo San Lucas,MX,2022-02-05 00:22:40,22.8909,-109.9124,72.61,61,0,4.61
327,Kati,ML,2022-02-05 00:26:18,12.7441,-8.0726,72.81,13,0,3.4
328,Hami,CN,2022-02-05 00:26:19,42.8,93.45,22.39,37,88,1.28
329,Dingle,PH,2022-02-05 00:26:19,10.9995,122.6711,76.06,86,96,12.3
330,Olafsvik,IS,2022-02-05 00:26:19,64.8945,-23.7142,27.34,69,100,25.1
331,Naze,JP,2022-02-05 00:26:20,28.3667,129.4833,56.32,65,83,18.16
332,Bangonay,PH,2022-02-05 00:26:20,9.3144,125.5539,76.78,86,100,3.36
333,Tabuk,PH,2022-02-05 00:26:21,17.4189,121.4443,70.81,89,59,5.44
334,Bathsheba,BB,2022-02-05 00:26:21,13.2167,-59.5167,77.61,69,20,10.36
335,Marsa Matruh,EG,2022-02-05 00:22:05,31.3525,27.2453,54.1,64,73,13.82
336,Neryungri,RU,2022-02-05 00:26:21,56.6709,124.6491,-4.4,96,100,8.52
337,Brufut,GM,2022-02-05 00:26:22,13.3814,-16.7518,69.89,68,0,0.0
338,Haines Junction,CA,2022-02-05 00:22:30,60.7522,-137.5108,-0.45,78,100,0.0
339,Veraval,IN,2022-02-05 00:26:22,20.9,70.3667,63.88,63,13,1.77
340,Kasama,ZM,2022-02-05 00:26:23,-10.2129,31.1808,59.61,96,100,4.23
341,Gat,IL,2022-02-05 00:26:23,31.61,34.7642,56.08,100,77,11.36
342,Griffith,US,2022-02-05 00:26:23,41.5284,-87.4237,21.13,82,100,4.0
343,Sidney,AU,2022-02-05 00:23:53,-33.8679,151.2073,72.36,71,75,7.0
344,Turukhansk,RU,2022-02-05 00:26:24,65.8167,87.9833,12.4,94,100,13.22
345,Kemijarvi,FI,2022-02-05 00:26:24,66.7131,27.4306,19.99,93,100,14.36
346,Leh,IN,2022-02-05 00:26:25,34.1667,77.5833,-6.66,91,100,3.78
347,Krivosheino,RU,2022-02-05 00:26:25,57.3431,83.9261,18.19,82,100,11.74
348,San Cristobal,VE,2022-02-05 00:26:25,7.7669,-72.225,73.58,89,87,2.08
349,Catamarca,AR,2022-02-05 00:26:26,-28.4696,-65.7852,70.77,82,44,3.67
350,Booue,GA,2022-02-05 00:26:26,-0.0921,11.9385,73.24,93,96,1.68
351,Duluth,US,2022-02-05 00:22:19,46.7833,-92.1066,7.07,60,0,10.36
352,Gavle,SE,2022-02-05 00:26:27,60.6745,17.1417,35.51,92,100,7.0
353,Surt,LY,2022-02-05 00:26:27,31.2089,16.5887,55.42,56,1,11.07
354,Orange Cove,US,2022-02-05 00:26:27,36.6244,-119.3137,67.6,35,0,5.48
355,Wajima,JP,2022-02-05 00:26:28,37.4,136.9,30.88,86,75,8.05
356,Tigil,RU,2022-02-05 00:26:28,57.8,158.6667,9.23,84,96,3.06
357,Potsdam,DE,2022-02-05 00:26:29,52.3989,13.0657,40.71,92,100,5.01
358,Mayor Pablo Lagerenza,PY,2022-02-05 00:26:29,-19.9309,-60.7718,86.05,52,56,8.63
359,Shizunai,JP,2022-02-05 00:26:29,42.3339,142.3669,24.4,67,37,7.87
360,Vila Franca Do Campo,PT,2022-02-05 00:26:30,37.7167,-25.4333,60.19,75,100,10.09
361,Kirovskiy,RU,2022-02-05 00:26:30,45.0917,133.5136,-3.15,95,100,3.98
362,Korla,CN,2022-02-05 00:26:31,41.7597,86.1469,25.21,45,100,5.17
363,Joshimath,IN,2022-02-05 00:26:31,30.5667,79.5667,26.04,57,1,10.09
364,Goundam,ML,2022-02-05 00:26:32,16.4145,-3.6708,65.86,13,42,9.98
365,Masvingo,ZW,2022-02-05 00:26:32,-20.0637,30.8277,65.14,88,44,4.59
366,Taoudenni,ML,2022-02-05 00:26:32,22.6783,-3.9836,66.6,13,74,10.18
367,Sept-Iles,CA,2022-02-05 00:27:32,50.2001,-66.3821,0.12,65,100,3.0
368,Garanhuns,BR,2022-02-05 00:27:33,-8.8903,-36.4928,67.15,88,31,9.53
369,Methoni,GR,2022-02-05 00:27:33,36.8197,21.7049,45.21,69,0,8.99
370,Paita,PE,2022-02-05 00:27:34,-5.0892,-81.1144,72.05,81,38,16.67
371,Alvik,SE,2022-02-05 00:27:34,60.7477,14.8746,31.73,90,92,7.96
372,Half Moon Bay,US,2022-02-05 00:27:34,37.4636,-122.4286,66.79,51,0,9.22
373,Kununurra,AU,2022-02-05 00:27:35,-15.7667,128.7333,84.18,84,75,6.91
374,Nauta,PE,2022-02-05 00:27:35,-4.5061,-73.5757,74.19,93,74,2.42
375,Kolyshley,RU,2022-02-05 00:27:36,52.7005,44.5367,15.39,96,94,8.16
376,Akyab,MM,2022-02-05 00:27:36,20.15,92.9,66.06,73,0,3.49
377,Asyut,EG,2022-02-05 00:27:36,27.181,31.1837,49.5,57,6,9.04
378,Mount Isa,AU,2022-02-05 00:27:37,-20.7333,139.5,83.97,30,18,12.66
379,Lebu,CL,2022-02-05 00:27:37,-37.6167,-73.65,58.35,85,2,16.78
380,Chimbote,PE,2022-02-05 00:27:38,-9.0853,-78.5783,71.19,80,12,8.63
381,Labuhan,ID,2022-02-05 00:27:38,-6.8844,112.2051,80.31,82,90,8.12
382,Neftcala,AZ,2022-02-05 00:27:38,39.3742,49.2472,45.9,84,100,10.27
383,Whitehorse,CA,2022-02-05 00:22:46,60.7161,-135.0538,-0.98,73,75,0.0
384,Xichang,CN,2022-02-05 00:27:39,27.8964,102.2634,37.89,85,5,1.34
385,Sobolevo,RU,2022-02-05 00:27:39,54.4299,31.8996,-2.63,100,100,4.85
386,Mattru,SL,2022-02-05 00:27:40,7.6244,-11.8332,71.94,94,8,2.06
387,Kurumkan,RU,2022-02-05 00:27:40,54.3,110.3,-7.08,95,94,3.76
388,San Jose,US,2022-02-05 00:26:34,37.3394,-121.895,66.88,42,20,5.99
389,Jedburgh,GB,2022-02-05 00:27:40,55.48,-2.552,37.22,82,24,13.62
390,Bonthe,SL,2022-02-05 00:27:41,7.5264,-12.505,76.5,84,13,4.85
391,Porto Novo,BJ,2022-02-05 00:27:41,6.4965,2.6036,82.22,84,1,6.64
392,Ketchikan,US,2022-02-05 00:27:41,55.3422,-131.6461,42.78,87,100,8.05
393,Tianjin,CN,2022-02-05 00:27:42,39.1422,117.1767,22.95,33,0,13.42
394,Ciudad Guayana,VE,2022-02-05 00:27:42,8.3533,-62.6528,82.29,46,43,8.66
395,Roald,NO,2022-02-05 00:27:43,62.5833,6.1333,40.33,70,100,42.9
396,Chebenki,RU,2022-02-05 00:27:43,51.9337,55.7077,22.78,85,100,13.44
397,Portland,US,2022-02-05 00:23:23,45.5234,-122.6762,51.37,87,100,1.99
398,Sukhumi,GE,2022-02-05 00:27:43,43.0033,41.0153,38.52,79,100,8.41
399,Itamaraju,BR,2022-02-05 00:27:30,-17.0392,-39.5311,74.28,95,100,3.94
400,Taungdwingyi,MM,2022-02-05 00:27:44,20.0167,95.55,63.01,44,4,6.2
401,Codrington,AU,2022-02-05 00:27:44,-38.2667,141.9667,68.41,55,82,13.73
402,Montesarchio,IT,2022-02-05 00:27:43,41.0654,14.6402,52.84,76,99,2.57
403,Miri,MY,2022-02-05 00:27:45,4.4148,114.0089,77.14,94,40,2.3
404,Kirkwall,GB,2022-02-05 00:27:45,58.9848,-2.9587,37.45,75,20,20.71
405,San Carlos Del Zulia,VE,2022-02-05 00:27:45,9.0,-71.9135,78.19,75,60,6.71
406,Dehloran,IR,2022-02-05 00:27:46,32.6941,47.2679,51.93,69,16,6.91
407,Takoradi,GH,2022-02-05 00:27:46,4.8845,-1.7554,79.3,82,26,5.7
408,San Ramon,US,2022-02-05 00:27:46,37.7799,-121.978,64.63,49,0,1.01
409,Gedo,ET,2022-02-05 00:27:47,9.0167,37.45,56.57,38,97,0.96
410,Tual,ID,2022-02-05 00:27:47,-5.6667,132.75,83.73,77,100,15.82
411,Khingansk,RU,2022-02-05 00:27:48,49.1167,131.1833,-15.11,99,98,3.58
412,Doha,QA,2022-02-05 00:27:48,25.2867,51.5333,66.09,82,0,5.75
413,Souillac,MU,2022-02-05 00:27:49,-20.5167,57.5167,79.36,86,98,16.53
414,Nizwa,OM,2022-02-05 00:27:49,22.9333,57.5333,63.64,37,11,0.76
415,Nhulunbuy,AU,2022-02-05 00:25:15,-12.2333,136.7667,84.81,74,98,10.36
416,Faya,SA,2022-02-05 00:27:50,18.3851,42.4509,55.51,88,26,5.77
417,Jiexiu,CN,2022-02-05 00:28:50,37.0244,111.9125,22.05,57,38,1.43
418,Sechura,PE,2022-02-05 00:28:50,-5.5569,-80.8222,74.71,68,17,17.58
419,Naantali,FI,2022-02-05 00:28:51,60.4674,22.0243,34.21,93,100,13.8
420,Tres Arroyos,AR,2022-02-05 00:28:51,-38.3739,-60.2798,60.12,91,100,17.83
421,Lorengau,PG,2022-02-05 00:28:51,-2.0226,147.2712,84.31,64,89,6.02
422,Vostok,RU,2022-02-05 00:28:52,46.4856,135.8833,-6.43,95,100,2.93
423,Mount Gambier,AU,2022-02-05 00:28:52,-37.8333,140.7667,71.51,49,40,14.97
424,Kaifeng,CN,2022-02-05 00:28:52,34.7911,114.3483,25.66,38,5,4.0
425,Oranjemund,NA,2022-02-05 00:28:53,-28.55,16.4333,63.59,85,3,12.86
426,Winnipeg,CA,2022-02-05 00:26:42,49.8844,-97.147,-9.42,70,75,2.3
427,Mecca,SA,2022-02-05 00:28:25,21.4267,39.8261,59.43,57,37,13.22
428,Cap Malheureux,MU,2022-02-05 00:28:53,-19.9842,57.6142,79.47,83,90,5.99
429,Guanica,PR,2022-02-05 00:28:54,17.9716,-66.908,75.06,87,8,1.01
430,Longyan,CN,2022-02-05 00:28:54,25.1072,117.0225,45.23,91,100,2.89
431,Fairbanks,US,2022-02-05 00:28:54,64.8378,-147.7164,8.1,63,100,0.0
432,Erzin,TR,2022-02-05 00:28:55,36.9559,36.2,38.12,79,24,2.75
433,Mackay,AU,2022-02-05 00:28:55,-21.15,149.2,84.69,65,75,20.71
434,Saint-Philippe,RE,2022-02-05 00:28:56,-21.3585,55.7679,80.15,86,100,25.41
435,Caconda,AO,2022-02-05 00:28:56,-13.7333,15.0667,59.61,71,92,2.66
436,Lagoa,PT,2022-02-05 00:28:56,39.05,-27.9833,57.96,81,64,21.07
437,Khandyga,RU,2022-02-05 00:28:57,62.6667,135.6,-40.7,100,59,1.36
438,Cockburn Town,TC,2022-02-05 00:28:00,21.4612,-71.1419,75.99,75,0,18.05
439,Bonavista,CA,2022-02-05 00:28:57,48.6499,-53.1147,29.12,94,100,23.31
440,Weiser,US,2022-02-05 00:28:58,44.251,-116.9693,38.48,75,99,3.0
441,Diapaga,BF,2022-02-05 00:28:58,12.0708,1.7889,68.67,15,0,7.99
442,Taltal,CL,2022-02-05 00:28:58,-25.4,-70.4833,68.81,71,15,4.74
443,Rio Gallegos,AR,2022-02-05 00:28:59,-51.6226,-69.2181,53.65,58,0,16.11
444,San Andres,CO,2022-02-05 00:28:59,12.5847,-81.7006,80.62,74,20,9.22
445,Ravar,IR,2022-02-05 00:29:00,31.2656,56.8055,55.45,34,27,3.83
446,Mogzon,RU,2022-02-05 00:29:00,51.7435,111.9606,-16.49,100,94,2.75
447,Astoria,US,2022-02-05 00:29:00,46.1879,-123.8313,48.85,94,100,10.0
448,Curuguaty,PY,2022-02-05 00:29:01,-24.4694,-55.6945,74.03,91,73,2.91
449,Klaebu,NO,2022-02-05 00:29:01,63.2976,10.4826,35.83,89,100,12.28
450,Ilulissat,GL,2022-02-05 00:29:01,69.2167,-51.1,12.22,62,40,16.11
451,Chateaubelair,VC,2022-02-05 00:29:02,13.2833,-61.25,77.61,79,6,7.87
452,Cherskiy,RU,2022-02-05 00:29:02,68.75,161.3,-33.47,98,16,4.32
453,Tulagi,SB,2022-02-05 00:29:03,-9.0996,160.1476,83.05,75,100,6.2
454,Feira De Santana,BR,2022-02-05 00:29:03,-12.2667,-38.9667,75.33,83,70,7.72
455,Ossora,RU,2022-02-05 00:29:03,59.2353,163.0719,9.88,76,100,5.84
456,Seymchan,RU,2022-02-05 00:29:04,62.8833,152.4333,-33.02,98,46,0.92
457,Kathua,IN,2022-02-05 00:29:04,32.3667,75.5167,44.04,76,0,2.42
458,Lanigan,CA,2022-02-05 00:29:04,51.8501,-105.0344,-3.71,96,100,13.76
459,Bontang,ID,2022-02-05 00:29:05,0.1333,117.5,77.63,82,95,3.85
460,Kutum,SD,2022-02-05 00:30:05,14.2,24.6667,52.92,27,0,11.27
461,Bage,BR,2022-02-05 00:30:06,-31.3314,-54.1069,74.98,83,0,4.61
462,Flinders,AU,2022-02-05 00:30:07,-34.5833,150.8552,72.68,74,80,10.0
463,Terrace Bay,CA,2022-02-05 00:30:07,48.7834,-87.1,1.02,93,93,8.19
464,Shiloh,US,2022-02-05 00:30:08,38.5614,-89.8973,27.68,73,0,3.44
465,Evensk,RU,2022-02-05 00:30:09,61.95,159.2333,14.7,52,0,15.01
466,Halmstad,SE,2022-02-05 00:30:10,56.6745,12.8568,37.74,89,19,12.66
467,Luocheng,CN,2022-02-05 00:30:10,29.3848,104.0286,43.72,76,97,2.98
468,Chicama,PE,2022-02-05 00:30:10,-7.8447,-79.1469,66.74,73,34,7.14
469,Ivaipora,BR,2022-02-05 00:30:11,-24.2478,-51.6847,67.96,98,77,1.41
470,Pocone,BR,2022-02-05 00:30:11,-16.2567,-56.6228,77.61,78,9,4.88
471,Asau,RO,2022-02-05 00:30:11,46.4333,26.4,22.12,75,19,5.86
472,Klaksvik,FO,2022-02-05 00:30:12,62.2266,-6.589,36.52,53,94,28.16
473,Saint Pete Beach,US,2022-02-05 00:30:11,27.7253,-82.7412,74.25,78,0,3.0
474,Jacareacanga,BR,2022-02-05 00:30:12,-6.2222,-57.7528,74.16,98,100,0.67
475,Bourail,NC,2022-02-05 00:30:13,-21.5667,165.4833,85.35,73,100,6.93
476,Moose Factory,CA,2022-02-05 00:30:13,51.2585,-80.6094,-7.6,59,100,4.61
477,San Pedro,PH,2022-02-05 00:30:14,14.35,121.0167,80.1,70,75,2.3
478,Kyritz,DE,2022-02-05 00:30:14,52.9421,12.397,38.86,73,96,19.8
479,Luau,AO,2022-02-05 00:30:14,-10.7073,22.2247,60.48,98,100,1.45
480,Orbetello,IT,2022-02-05 00:30:15,42.4408,11.2196,52.79,93,95,10.36
481,North Branch,US,2022-02-05 00:30:15,45.5113,-92.9802,7.16,73,58,5.48
482,Salta,AR,2022-02-05 00:30:16,-24.7859,-65.4117,68.59,85,40,5.01
483,Mantua,IT,2022-02-05 00:30:16,45.1667,10.7833,46.81,90,100,1.99
484,Jardim,BR,2022-02-05 00:30:16,-21.4803,-56.1381,76.86,76,54,4.41
485,Xiongyue,CN,2022-02-05 00:30:17,40.1774,122.1228,16.38,59,0,12.86
486,Gamboma,CG,2022-02-05 00:30:17,-1.8764,15.8644,74.41,78,100,1.97
487,Sortland,NO,2022-02-05 00:30:18,68.6949,15.4162,21.38,91,95,5.03
488,Copiapo,CL,2022-02-05 00:25:29,-27.3667,-70.3333,71.22,50,0,5.39
489,Sigli,ID,2022-02-05 00:30:18,5.3848,95.9609,78.89,81,94,4.05
490,Aloleng,PH,2022-02-05 00:30:18,16.1307,119.7824,79.95,67,76,9.01
491,Los Llanos De Aridane,ES,2022-02-05 00:30:19,28.6585,-17.9182,60.55,81,0,5.99
492,Baruun-Urt,MN,2022-02-05 00:30:24,46.6806,113.2792,-0.63,88,28,7.78
493,Darasun,RU,2022-02-05 00:30:24,51.6667,114.0,-3.46,99,84,3.09
494,Punghina,RO,2022-02-05 00:30:24,44.2819,22.9347,33.33,66,0,1.77
495,Oranjestad,AW,2022-02-05 00:28:53,12.524,-70.027,78.75,73,20,14.97
496,Santa Isabel Do Rio Negro,BR,2022-02-05 00:30:25,-0.4139,-65.0192,73.6,97,100,3.83
497,Jiangyou,CN,2022-02-05 00:30:25,31.7667,104.7167,40.75,96,100,4.85
498,Kalmunai,LK,2022-02-05 00:30:26,7.4167,81.8167,72.64,81,89,1.7
499,Vestmannaeyjar,IS,2022-02-05 00:30:26,63.4427,-20.2734,32.02,66,100,30.4
500,Praia Da Vitoria,PT,2022-02-05 00:30:26,38.7333,-27.0667,57.76,94,75,11.74
501,Natchitoches,US,2022-02-05 00:30:27,31.7668,-93.1335,35.19,80,100,11.5
502,Samarinda,ID,2022-02-05 00:30:27,-0.5,117.15,81.77,73,98,2.57
503,Redlands,US,2022-02-05 00:27:04,34.0556,-117.1825,67.21,19,0,5.75
504,Gagino,RU,2022-02-05 00:30:28,55.2314,45.0339,19.65,95,100,13.22
505,Saint-Pierre,RE,2022-02-05 00:30:28,-21.3393,55.4781,80.24,83,100,4.61
506,Cherat,PK,2022-02-05 00:30:28,33.8233,71.8915,33.73,34,0,2.59
507,Bajil,YE,2022-02-05 00:30:29,15.0584,43.2851,74.91,77,44,4.92
508,Buchanan,LR,2022-02-05 00:31:29,5.8808,-10.0467,78.76,84,35,5.08
509,Anadyr,RU,2022-02-05 00:31:30,64.75,177.4833,16.3,35,0,20.13
510,Menongue,AO,2022-02-05 00:31:30,-14.6585,17.691,62.44,98,100,5.1
511,Constantine,DZ,2022-02-05 00:31:31,36.365,6.6147,45.81,45,0,0.0
512,Adet,ET,2022-02-05 00:31:31,11.2644,37.4888,56.91,62,11,2.42
513,Moshi,TZ,2022-02-05 00:31:31,-3.35,37.3333,67.37,61,100,1.9
514,Dudinka,RU,2022-02-05 00:31:32,69.4058,86.1778,1.62,98,96,5.3
515,Svetlogorsk,BY,2022-02-05 00:31:32,52.6333,29.7333,9.73,97,90,7.54
516,Vanimo,PG,2022-02-05 00:31:33,-2.6741,141.3028,84.7,70,77,6.04
517,Rio Grande,BR,2022-02-05 00:30:09,-32.035,-52.0986,73.94,92,0,9.78
518,Mamallapuram,IN,2022-02-05 00:31:33,12.6264,80.1722,78.06,81,73,2.24
519,Bumba,CD,2022-02-05 00:31:34,2.1833,22.4667,71.44,49,100,3.36
520,Hasaki,JP,2022-02-05 00:31:34,35.7333,140.8333,41.29,39,2,22.37
521,Ahipara,NZ,2022-02-05 00:31:34,-35.1667,173.1667,77.23,76,77,16.62
522,Havelock,US,2022-02-05 00:28:42,34.8791,-76.9013,70.03,91,100,10.0
523,Palembang,ID,2022-02-05 00:31:35,-2.9167,104.7458,73.49,100,75,2.3
524,Yerbogachen,RU,2022-02-05 00:31:35,61.2767,108.0108,-21.15,100,96,3.51
525,Kushmurun,KZ,2022-02-05 00:31:36,52.4503,64.6311,18.3,77,100,8.9
526,Ochamchira,GE,2022-02-05 00:31:36,42.7121,41.4721,39.31,75,100,7.9
527,Urbano Santos,BR,2022-02-05 00:31:37,-3.2078,-43.4036,73.76,98,100,3.44
528,Mayo,US,2022-02-05 00:31:37,38.8876,-76.5119,39.18,89,100,4.0
529,Maniitsoq,GL,2022-02-05 00:31:37,65.4167,-52.9,6.96,78,100,9.98
530,Robe,AU,2022-02-05 00:31:38,-37.1833,139.75,67.32,61,47,15.12
531,Bad Goisern,AT,2022-02-05 00:31:38,47.6425,13.6161,45.79,100,100,4.72
532,Ambilobe,MG,2022-02-05 00:31:39,-13.2,49.05,75.54,92,100,11.07
533,Rincon,US,2022-02-05 00:27:33,32.296,-81.2354,66.16,95,100,6.91
534,Liepaja,LV,2022-02-05 00:31:39,56.5419,21.0367,37.45,93,100,12.66
535,Okhotsk,RU,2022-02-05 00:31:40,59.3833,143.3,1.89,72,100,15.77
536,Alice Springs,AU,2022-02-05 00:26:52,-23.7,133.8833,72.95,46,1,12.66
537,Yilan,TW,2022-02-05 00:31:40,24.757,121.753,56.55,91,100,4.92
538,Requena,ES,2022-02-05 00:31:40,39.4883,-1.1004,48.13,56,100,0.76
539,Saint-Joseph,RE,2022-02-05 00:31:41,-21.3667,55.6167,79.16,84,100,22.86
540,Port Lincoln,AU,2022-02-05 00:31:41,-34.7333,135.8667,70.88,66,6,12.66
541,Harper,LR,2022-02-05 00:31:41,4.375,-7.7169,79.36,82,52,6.98
542,Ngatea,NZ,2022-02-05 00:31:42,-37.2833,175.5,88.95,51,1,12.59
543,Tolaga Bay,NZ,2022-02-05 00:31:42,-38.3667,178.3,77.13,57,0,10.31
544,Kargasok,RU,2022-02-05 00:31:43,59.0556,80.8572,22.37,89,100,12.3
545,Chongwe,ZM,2022-02-05 00:31:43,-15.3292,28.682,64.45,99,100,3.65
546,Panalingaan,PH,2022-02-05 00:31:43,8.7842,117.4231,81.84,73,48,5.3
547,Findlay,US,2022-02-05 00:31:25,41.0442,-83.6499,16.54,79,0,4.61
548,Edgewater,US,2022-02-05 00:31:44,28.9889,-80.9023,78.03,68,40,9.22
549,Berdigestyakh,RU,2022-02-05 00:31:45,62.0989,126.6992,-26.59,100,67,3.02
550,Catuday,PH,2022-02-05 00:31:45,16.2923,119.8062,77.7,71,81,11.72
551,Tianpeng,CN,2022-02-05 00:31:45,30.9866,103.9393,41.47,91,100,0.76
552,Samarai,PG,2022-02-05 00:30:42,-10.6167,150.6667,85.82,70,95,5.97
553,Kaeo,NZ,2022-02-05 00:32:46,-35.1,173.7833,75.33,89,42,12.53
554,Kungurtug,RU,2022-02-05 00:32:46,50.5994,97.5228,-19.43,98,37,1.79
555,Ashcroft,CA,2022-02-05 00:32:47,50.7165,-121.2859,46.74,96,100,5.21
556,Sydney Mines,CA,2022-02-05 00:32:47,46.2367,-60.2177,33.49,96,100,13.8
557,Cecava,BA,2022-02-05 00:32:47,44.6867,17.7706,43.57,79,59,3.94
558,Camacha,PT,2022-02-05 00:32:48,33.0833,-16.3333,60.22,88,20,0.0
