City_ID,City,Country,Date,Lat,Lng,Max Temp,Humidity,Cloudiness,Wind Speed,Current Description
0,Hilo,US,2022-02-12 15:11:19,19.7297,-155.09,67.73,84,100,1.01,overcast clouds
1,Punta Arenas,CL,2022-02-12 15:06:58,-53.15,-70.9167,57.31,47,40,36.82,scattered clouds
2,Sofiyivka,UA,2022-02-12 15:11:19,48.0493,33.8746,35.98,71,100,18.75,overcast clouds
3,Qaanaaq,GL,2022-02-12 15:11:19,77.484,-69.3632,-21.21,48,0,8.55,clear sky
4,Georgetown,MY,2022-02-12 15:11:11,5.4112,100.3354,83.89,74,20,1.99,few clouds
5,Lorengau,PG,2022-02-12 15:11:20,-2.0226,147.2712,80.8,75,92,3.33,overcast clouds
6,Vitim,RU,2022-02-12 15:11:20,59.4511,112.5578,-22.92,100,23,1.12,few clouds
7,Port Alfred,ZA,2022-02-12 15:11:20,-33.5906,26.891,80.51,78,9,18.75,clear sky
8,Srednekolymsk,RU,2022-02-12 15:11:21,67.45,153.6833,-33.2,98,58,7.16,broken clouds
9,Naze,JP,2022-02-12 15:11:21,28.3667,129.4833,62.06,89,100,14.43,overcast clouds
10,Barrow,US,2022-02-12 15:11:21,71.2906,-156.7887,-30.98,100,0,8.05,clear sky
11,Cabo San Lucas,MX,2022-02-12 15:08:03,22.8909,-109.9124,66.51,49,40,6.91,scattered clouds
12,Susanino,RU,2022-02-12 15:11:21,58.1461,41.5872,19.9,92,90,9.28,overcast clouds
13,Shihezi,CN,2022-02-12 15:11:22,44.3,86.0333,11.48,95,100,1.68,overcast clouds
14,Panama City,PA,2022-02-12 15:09:08,8.9936,-79.5197,89.17,58,13,5.99,few clouds
15,Albany,US,2022-02-12 15:11:12,42.6001,-73.9662,48.4,62,100,8.99,overcast clouds
16,Hithadhoo,MV,2022-02-12 15:11:21,-0.6,73.0833,81.93,66,76,8.75,broken clouds
17,Concepcion,CL,2022-02-12 15:11:22,-36.827,-73.0498,80.4,34,0,9.22,clear sky
18,Barbate,ES,2022-02-12 15:11:23,36.1924,-5.9219,68.09,57,93,12.39,overcast clouds
19,Bluff,NZ,2022-02-12 15:11:23,-46.6,168.3333,51.8,65,81,15.1,broken clouds
20,Tuktoyaktuk,CA,2022-02-12 15:11:23,69.4541,-133.0374,-30.86,100,39,5.28,scattered clouds
21,Dakar,SN,2022-02-12 15:06:24,14.6937,-17.4441,90.48,49,21,19.35,few clouds
22,Havelock,US,2022-02-12 15:09:29,34.8791,-76.9013,63.99,58,59,5.01,broken clouds
23,Beyneu,KZ,2022-02-12 15:11:24,45.3167,55.2,40.62,81,99,12.75,overcast clouds
24,Rikitea,PF,2022-02-12 15:11:24,-23.1203,-134.9692,78.93,70,63,13.98,light rain
25,Urumqi,CN,2022-02-12 15:11:24,43.801,87.6005,11.35,85,75,2.24,mist
26,Hermanus,ZA,2022-02-12 15:11:25,-34.4187,19.2345,76.89,79,94,10.13,overcast clouds
27,Esperance,AU,2022-02-12 15:11:07,-33.8667,121.9,65.1,73,99,14.99,overcast clouds
28,Dikson,RU,2022-02-12 15:11:25,73.5069,80.5464,0.73,76,100,27.47,overcast clouds
29,Hobart,AU,2022-02-12 15:11:25,-42.8794,147.3294,57.06,71,90,9.22,overcast clouds
30,Lamlash,GB,2022-02-12 15:11:26,55.5336,-5.1296,51.76,78,70,19.51,broken clouds
31,Chuy,UY,2022-02-12 15:11:26,-33.6971,-53.4616,75.52,76,100,4.34,light rain
32,Ixtapa,MX,2022-02-12 15:11:26,20.7,-105.2,68.23,72,0,4.61,clear sky
33,Sovetskiy,RU,2022-02-12 15:11:26,61.3614,63.5842,5.63,95,100,7.11,overcast clouds
34,Upernavik,GL,2022-02-12 15:11:27,72.7868,-56.1549,-4.68,98,100,13.62,light snow
35,Grindavik,IS,2022-02-12 15:11:27,63.8424,-22.4338,25.27,74,0,11.5,clear sky
36,Busselton,AU,2022-02-12 15:11:27,-33.65,115.3333,59.09,67,0,15.1,clear sky
37,Arman,RU,2022-02-12 15:11:28,59.7,150.1667,-7.92,80,91,7.67,overcast clouds
38,Adrar,MR,2022-02-12 15:11:28,20.5022,-10.0711,78.76,15,28,14.67,scattered clouds
39,Kahului,US,2022-02-12 15:11:28,20.8947,-156.47,71.83,83,0,4.0,clear sky
40,Ushuaia,AR,2022-02-12 15:11:29,-54.8,-68.3,49.62,61,75,40.29,light intensity drizzle
41,San Patricio,US,2022-02-12 15:11:29,28.017,-97.5169,62.91,82,0,12.17,clear sky
42,Khatanga,RU,2022-02-12 15:11:29,71.9667,102.5,-12.03,84,97,8.63,overcast clouds
43,Leningradskiy,RU,2022-02-12 15:11:29,69.3833,178.4167,-21.82,98,97,3.91,overcast clouds
44,Charters Towers,AU,2022-02-12 15:11:30,-20.1,146.2667,74.34,76,3,11.61,clear sky
45,Lasa,IT,2022-02-12 15:12:30,46.6166,10.7002,44.51,61,0,3.13,clear sky
46,Port Elizabeth,ZA,2022-02-12 15:10:15,-33.918,25.5701,78.1,79,4,15.64,clear sky
47,Yarada,IN,2022-02-12 15:12:30,17.65,83.2667,79.12,73,40,4.61,mist
48,Arraial Do Cabo,BR,2022-02-12 15:12:31,-22.9661,-42.0278,80.46,74,75,5.75,broken clouds
49,Vestmannaeyjar,IS,2022-02-12 15:12:31,63.4427,-20.2734,30.49,78,40,5.99,scattered clouds
50,Yellowknife,CA,2022-02-12 15:12:31,62.456,-114.3525,-27.58,91,20,5.01,few clouds
51,Meulaboh,ID,2022-02-12 15:12:31,4.1363,96.1285,79.21,82,71,2.15,broken clouds
52,Bethel,US,2022-02-12 15:08:44,41.3712,-73.414,55.49,55,20,8.05,few clouds
53,Atuona,PF,2022-02-12 15:12:32,-9.8,-139.0333,76.89,79,10,12.88,light rain
54,Puerto Ayora,EC,2022-02-12 15:12:32,-0.7393,-90.3518,78.76,89,100,1.01,overcast clouds
55,Flinders,AU,2022-02-12 15:12:32,-34.5833,150.8552,67.8,92,95,4.0,overcast clouds
56,Envira,BR,2022-02-12 15:11:15,-7.3,-70.2167,81.77,78,95,3.2,overcast clouds
57,Mataura,NZ,2022-02-12 15:12:33,-46.1927,168.8643,51.48,90,100,3.27,overcast clouds
58,Maridi,SS,2022-02-12 15:12:33,4.9158,29.4742,94.98,16,78,10.83,broken clouds
59,Kirakira,SB,2022-02-12 15:12:33,-10.4544,161.9205,77.74,88,100,4.74,overcast clouds
60,San Policarpo,PH,2022-02-12 15:12:34,12.1791,125.5072,78.49,86,100,13.0,overcast clouds
61,Saskylakh,RU,2022-02-12 15:12:34,71.9167,114.0833,1.09,77,38,13.94,scattered clouds
62,Sitka,US,2022-02-12 15:12:34,57.0531,-135.33,42.69,81,100,12.66,heavy intensity rain
63,Nalut,LY,2022-02-12 15:12:35,30.3333,10.85,63.46,22,4,3.44,clear sky
64,Pevek,RU,2022-02-12 15:12:35,69.7008,170.3133,-26.3,98,100,8.34,overcast clouds
65,Muravlenko,RU,2022-02-12 15:12:35,63.7898,74.523,-9.06,98,6,12.26,clear sky
66,Vao,NC,2022-02-12 15:12:35,-22.6667,167.4833,80.15,82,100,5.12,overcast clouds
67,Ribeira Grande,PT,2022-02-12 15:12:36,38.5167,-28.7,63.0,77,20,19.57,few clouds
68,Souillac,MU,2022-02-12 15:12:36,-20.5167,57.5167,80.37,74,50,8.61,scattered clouds
69,Nador,MA,2022-02-12 15:12:36,35.174,-2.9287,61.05,63,20,5.75,few clouds
70,Bonthe,SL,2022-02-12 15:12:37,7.5264,-12.505,88.47,54,18,15.3,few clouds
71,Sosua,DO,2022-02-12 15:12:37,19.7667,-70.5167,85.98,74,20,11.5,few clouds
72,Cape Town,ZA,2022-02-12 15:09:03,-33.9258,18.4232,77.11,64,89,3.0,overcast clouds
73,Bredasdorp,ZA,2022-02-12 15:12:37,-34.5322,20.0403,78.21,56,29,12.55,scattered clouds
74,Kapaa,US,2022-02-12 15:12:38,22.0752,-159.319,67.98,97,40,3.44,scattered clouds
75,Maragheh,IR,2022-02-12 15:12:38,37.3917,46.2398,29.03,81,14,4.07,few clouds
76,Caravelas,BR,2022-02-12 15:12:38,-17.7125,-39.2481,85.23,59,98,9.04,overcast clouds
77,Paraiso,CR,2022-02-12 15:12:39,9.8383,-83.8656,73.89,60,89,5.61,overcast clouds
78,Batemans Bay,AU,2022-02-12 15:12:39,-35.7167,150.1833,65.19,88,100,2.75,overcast clouds
79,San Cristobal,VE,2022-02-12 15:10:48,7.7669,-72.225,73.58,41,93,8.99,overcast clouds
80,Bairiki,KI,2022-02-12 15:12:39,1.3292,172.9752,80.6,78,20,8.05,few clouds
81,Chokurdakh,RU,2022-02-12 15:12:39,70.6333,147.9167,-2.18,96,100,13.6,overcast clouds
82,Beipiao,CN,2022-02-12 15:12:40,41.7919,120.7792,11.95,76,67,5.57,broken clouds
83,Touros,BR,2022-02-12 15:12:40,-5.1989,-35.4608,86.9,62,36,10.38,scattered clouds
84,Bardiyah,LY,2022-02-12 15:12:40,31.7561,25.0865,58.53,55,0,6.89,clear sky
85,Faanui,PF,2022-02-12 15:12:41,-16.4833,-151.75,79.74,76,71,13.49,light rain
86,Sobolevo,RU,2022-02-12 15:12:41,54.4299,31.8996,22.73,90,7,10.04,clear sky
87,San Pedro Del Pinatar,ES,2022-02-12 15:12:41,37.8357,-0.791,64.83,62,20,5.99,few clouds
88,Katherine,AU,2022-02-12 15:12:41,-14.4667,132.2667,80.92,74,12,3.44,few clouds
89,Nikolskoye,RU,2022-02-12 15:12:42,59.7035,30.7861,34.88,87,100,11.9,overcast clouds
90,Jamestown,US,2022-02-12 15:12:42,42.097,-79.2353,29.52,51,100,12.66,overcast clouds
91,Oloron-Sainte-Marie,FR,2022-02-12 15:13:42,43.1944,-0.6107,62.53,64,100,1.61,overcast clouds
92,Kamenka,RU,2022-02-12 15:13:43,51.3223,42.7678,31.75,97,100,4.54,overcast clouds
93,Freeport,US,2022-02-12 15:12:08,40.6576,-73.5832,57.16,55,0,8.05,clear sky
94,Sept-Iles,CA,2022-02-12 15:13:43,50.2001,-66.3821,30.06,94,100,1.59,overcast clouds
95,Salalah,OM,2022-02-12 15:10:15,17.0151,54.0924,77.09,57,20,6.91,few clouds
96,Aksarka,RU,2022-02-12 15:13:43,66.5606,67.7975,-7.17,90,100,9.44,overcast clouds
97,Brokopondo,SR,2022-02-12 15:13:44,4.75,-55.1667,79.77,77,98,7.14,overcast clouds
98,Sumbe,AO,2022-02-12 15:13:44,-11.2061,13.8437,82.45,60,97,9.73,overcast clouds
99,Bathsheba,BB,2022-02-12 15:13:44,13.2167,-59.5167,83.01,61,75,23.02,broken clouds
100,Zyryanovsk,KZ,2022-02-12 15:13:45,49.7386,84.2719,0.5,93,100,0.92,overcast clouds
101,Graham,US,2022-02-12 15:13:45,47.0529,-122.2943,41.05,95,100,1.01,light intensity drizzle
102,Victoria,HK,2022-02-12 15:09:54,22.2855,114.1577,68.18,84,76,5.01,broken clouds
103,Bambous Virieux,MU,2022-02-12 15:13:45,-20.3428,57.7575,80.22,76,48,7.0,scattered clouds
104,Korop,UA,2022-02-12 15:13:46,51.5664,32.9586,27.79,86,58,10.87,broken clouds
105,Pangnirtung,CA,2022-02-12 15:13:46,66.1451,-65.7125,-0.36,99,100,4.79,light snow
106,Jiangyou,CN,2022-02-12 15:13:46,31.7667,104.7167,42.55,82,95,3.91,overcast clouds
107,Thompson,CA,2022-02-12 15:12:40,55.7435,-97.8558,-12.3,95,100,6.04,overcast clouds
108,Longyearbyen,SJ,2022-02-12 15:13:47,78.2186,15.6401,13.84,73,0,11.5,clear sky
109,Cap-Chat,CA,2022-02-12 15:13:47,49.1001,-66.6821,35.53,98,100,6.55,overcast clouds
110,Ibra,OM,2022-02-12 15:13:47,22.6906,58.5334,74.73,24,0,9.69,clear sky
111,Elban,RU,2022-02-12 15:13:48,50.1018,136.5094,11.43,90,100,5.03,overcast clouds
112,Veinticinco De Mayo,AR,2022-02-12 15:13:48,-35.4323,-60.1727,66.06,53,0,8.01,clear sky
113,Carnarvon,AU,2022-02-12 15:13:48,-24.8667,113.6333,82.47,69,8,12.66,clear sky
114,Khudumelapye,BW,2022-02-12 15:13:48,-23.8833,24.75,90.27,14,0,8.63,clear sky
115,Kushiro,JP,2022-02-12 15:13:49,42.975,144.3747,17.42,89,46,2.33,scattered clouds
116,Airai,TL,2022-02-12 15:13:49,-8.9266,125.4092,60.13,94,86,2.01,overcast clouds
117,Vostok,RU,2022-02-12 15:13:49,46.4856,135.8833,5.74,98,100,2.33,light snow
118,Stornoway,GB,2022-02-12 15:13:50,58.2093,-6.3865,46.36,88,75,18.41,light intensity shower rain
119,Kruisfontein,ZA,2022-02-12 15:13:50,-34.0033,24.7314,80.17,65,39,16.53,scattered clouds
120,Cidreira,BR,2022-02-12 15:13:50,-30.1811,-50.2056,78.98,69,0,15.32,clear sky
121,Butaritari,KI,2022-02-12 15:13:50,3.0707,172.7902,81.72,79,43,16.35,light rain
122,Jaru,BR,2022-02-12 15:13:51,-10.4389,-62.4664,75.52,95,100,1.77,overcast clouds
123,Gondanglegi,ID,2022-02-12 15:13:51,-7.7479,112.0132,74.43,96,100,5.88,heavy intensity rain
124,New Norfolk,AU,2022-02-12 15:13:51,-42.7826,147.0587,56.7,55,90,2.62,overcast clouds
125,Shibukawa,JP,2022-02-12 15:13:52,36.4833,139.0,33.06,69,9,3.0,clear sky
126,Mancio Lima,BR,2022-02-12 15:13:52,-7.6142,-72.8958,75.81,93,100,2.84,overcast clouds
127,Emerald,AU,2022-02-12 15:13:52,-23.5333,148.1667,74.34,62,19,15.1,few clouds
128,Niquero,CU,2022-02-12 15:13:53,20.0431,-77.5828,80.92,67,9,3.58,clear sky
129,Nanortalik,GL,2022-02-12 15:11:29,60.1432,-45.2371,31.06,90,100,11.23,light snow
130,Grand Gaube,MU,2022-02-12 15:13:53,-20.0064,57.6608,80.38,71,75,1.99,broken clouds
131,Prince Rupert,CA,2022-02-12 15:13:53,54.3161,-130.3201,37.94,79,100,3.09,overcast clouds
132,Cordoba,AR,2022-02-12 15:09:16,-31.4135,-64.1811,73.42,42,0,11.5,clear sky
133,Vaini,TO,2022-02-12 15:14:54,-21.2,-175.2,78.96,94,20,4.61,few clouds
134,Mount Gambier,AU,2022-02-12 15:14:54,-37.8333,140.7667,61.38,64,67,5.44,broken clouds
135,Nueva Concepcion,GT,2022-02-12 15:14:54,14.2,-91.3,87.17,51,0,0.96,clear sky
136,Dingle,PH,2022-02-12 15:14:55,10.9995,122.6711,75.16,91,95,8.86,overcast clouds
137,Westlock,CA,2022-02-12 15:14:55,54.1502,-113.8688,27.36,94,100,2.24,overcast clouds
138,Semey,KZ,2022-02-12 15:14:55,50.4111,80.2275,17.64,93,100,19.26,light snow
139,Zhigansk,RU,2022-02-12 15:14:56,66.7697,123.3711,-33.86,100,63,4.41,broken clouds
140,Katsuura,JP,2022-02-12 15:13:59,35.1333,140.3,42.91,56,100,3.18,overcast clouds
141,Kinston,US,2022-02-12 15:11:15,35.2627,-77.5816,62.51,41,0,8.05,clear sky
142,East London,ZA,2022-02-12 15:14:45,-33.0153,27.9116,83.34,78,20,13.8,few clouds
143,Erzin,TR,2022-02-12 15:14:56,36.9559,36.2,63.12,68,0,0.13,clear sky
144,Severo-Kurilsk,RU,2022-02-12 15:14:56,50.6789,156.125,19.4,79,86,4.56,overcast clouds
145,Geraldton,AU,2022-02-12 15:14:57,-28.7667,114.6,72.01,78,6,17.27,clear sky
146,Avarua,CK,2022-02-12 15:11:21,-21.2078,-159.775,73.45,94,90,2.3,overcast clouds
147,Tadine,NC,2022-02-12 15:14:57,-21.55,167.8833,79.54,84,100,6.62,overcast clouds
148,Zhuanghe,CN,2022-02-12 15:14:57,39.7008,122.9911,31.82,39,100,5.97,overcast clouds
149,Aleysk,RU,2022-02-12 15:14:58,52.4926,82.7822,-2.61,98,33,6.73,scattered clouds
150,Yaan,NG,2022-02-12 15:14:58,7.3833,8.5667,99.91,6,53,5.68,broken clouds
151,Ostrovnoy,RU,2022-02-12 15:14:58,68.0531,39.5131,16.23,94,88,11.32,overcast clouds
152,Ploemeur,FR,2022-02-12 15:14:59,47.7333,-3.4333,50.59,69,75,10.36,broken clouds
153,Markapur,IN,2022-02-12 15:14:59,15.7333,79.2833,74.46,53,6,4.25,clear sky
154,Kaeo,NZ,2022-02-12 15:14:59,-35.1,173.7833,71.33,86,99,27.56,overcast clouds
155,Kamaishi,JP,2022-02-12 15:14:59,39.2667,141.8833,34.72,89,83,5.91,broken clouds
156,Tasiilaq,GL,2022-02-12 15:15:00,65.6145,-37.6368,15.96,64,100,3.29,overcast clouds
157,Mahebourg,MU,2022-02-12 15:15:00,-20.4081,57.7,80.89,74,20,3.44,few clouds
158,Rundu,NA,2022-02-12 15:15:00,-17.9333,19.7667,77.18,59,99,3.31,light rain
159,Khairagarh,IN,2022-02-12 15:15:01,26.95,77.8167,59.56,40,0,5.01,clear sky
160,Sechura,PE,2022-02-12 15:15:01,-5.5569,-80.8222,75.97,64,98,4.79,overcast clouds
161,Constitucion,CL,2022-02-12 15:12:22,-35.3333,-72.4167,72.39,45,0,6.35,clear sky
162,Plaster Rock,CA,2022-02-12 15:15:02,46.9065,-67.39,40.55,100,100,9.66,overcast clouds
163,Alofi,NU,2022-02-12 15:15:02,-19.0595,-169.9187,75.09,88,14,1.14,few clouds
164,Henties Bay,NA,2022-02-12 15:15:03,-22.116,14.2845,74.97,77,8,9.4,clear sky
165,Hofn,IS,2022-02-12 15:15:04,64.2539,-15.2082,27.7,68,95,19.86,overcast clouds
166,Fortuna,US,2022-02-12 15:15:04,40.5982,-124.1573,47.32,76,0,10.36,clear sky
167,Kavaratti,IN,2022-02-12 15:15:05,10.5669,72.642,80.94,69,2,6.78,clear sky
168,Tuatapere,NZ,2022-02-12 15:15:05,-46.1333,167.6833,51.82,76,95,9.04,overcast clouds
169,Port Lincoln,AU,2022-02-12 15:15:05,-34.7333,135.8667,68.38,68,100,8.61,overcast clouds
170,Sao Filipe,CV,2022-02-12 15:15:06,14.8961,-24.4956,80.69,42,85,18.68,overcast clouds
171,Tokur,RU,2022-02-12 15:15:06,53.1333,132.9,-16.73,100,98,3.44,overcast clouds
172,Carlyle,US,2022-02-12 15:12:19,38.6103,-89.3726,21.6,75,63,5.01,broken clouds
173,Ratnagiri,IN,2022-02-12 15:15:06,16.9833,73.3,76.24,67,5,11.32,clear sky
174,Mandalgovi,MN,2022-02-12 15:15:06,45.7625,106.2708,-5.22,83,50,4.94,scattered clouds
175,Mayo,US,2022-02-12 15:15:07,38.8876,-76.5119,59.34,49,0,7.0,clear sky
176,Mbandaka,CD,2022-02-12 15:15:07,0.0487,18.2603,92.25,33,71,3.67,broken clouds
177,Veles,MK,2022-02-12 15:15:07,41.7156,21.7756,50.45,56,100,9.33,overcast clouds
178,Carahue,CL,2022-02-12 15:15:08,-38.7,-73.1667,77.2,22,19,4.9,few clouds
179,Yuksekova,TR,2022-02-12 15:15:08,37.5736,44.2872,30.83,71,2,5.23,clear sky
180,Mar Del Plata,AR,2022-02-12 15:14:45,-38.0023,-57.5575,64.42,64,20,23.02,few clouds
181,Cherskiy,RU,2022-02-12 15:16:08,68.75,161.3,-24.21,98,100,8.68,overcast clouds
182,Comodoro Rivadavia,AR,2022-02-12 15:15:01,-45.8667,-67.5,84.06,26,0,8.05,clear sky
183,Bubaque,GW,2022-02-12 15:16:09,11.2833,-15.8333,82.44,48,0,3.6,clear sky
184,Namibe,AO,2022-02-12 15:16:09,-15.1961,12.1522,82.04,57,62,11.48,broken clouds
185,Saint George,US,2022-02-12 15:15:42,37.1041,-113.5841,50.34,28,0,11.99,clear sky
186,Tucuma,BR,2022-02-12 15:16:09,-0.1833,-50.05,83.68,69,43,7.16,scattered clouds
187,Tautira,PF,2022-02-12 15:16:10,-17.7333,-149.15,75.22,76,100,11.18,light rain
188,Kalemie,CD,2022-02-12 15:16:10,-5.9475,29.1947,76.32,76,77,4.23,broken clouds
189,Hami,CN,2022-02-12 15:16:11,42.8,93.45,28.96,56,83,1.45,broken clouds
190,Pochutla,MX,2022-02-12 15:16:11,15.7432,-96.4661,78.62,51,7,2.57,clear sky
191,Yanam,IN,2022-02-12 15:16:11,16.7333,82.2167,79.2,83,13,5.61,few clouds
192,Munster,DE,2022-02-12 15:16:12,51.9624,7.6257,45.88,53,0,8.05,clear sky
193,Novyy Nekouz,RU,2022-02-12 15:16:12,57.9029,38.07,19.81,89,89,9.69,overcast clouds
194,Tilichiki,RU,2022-02-12 15:16:12,60.4667,166.1,-21.3,92,11,8.93,few clouds
195,Asau,RO,2022-02-12 15:16:13,46.4333,26.4,37.76,64,100,4.38,overcast clouds
196,Lodja,CD,2022-02-12 15:16:13,-3.4833,23.4333,88.27,51,86,3.38,overcast clouds
197,Todos Santos,MX,2022-02-12 15:16:13,23.45,-110.2167,67.01,31,13,5.08,few clouds
198,Byron Bay,AU,2022-02-12 15:13:30,-28.65,153.6167,69.87,66,79,14.85,broken clouds
199,Saldanha,ZA,2022-02-12 15:16:14,-33.0117,17.9442,66.79,89,100,12.71,overcast clouds
200,Ust-Ishim,RU,2022-02-12 15:16:14,57.6935,71.1665,1.63,93,100,9.17,overcast clouds
201,Mahajanga,MG,2022-02-12 15:16:15,-15.7167,46.3167,82.13,74,45,6.93,scattered clouds
202,Rocha,UY,2022-02-12 15:16:15,-34.4833,-54.3333,68.63,96,100,7.45,overcast clouds
203,Cabedelo,BR,2022-02-12 15:11:41,-6.9811,-34.8339,88.47,67,53,9.84,broken clouds
204,Nedjo,ET,2022-02-12 15:16:15,9.5046,35.5019,74.77,37,81,8.84,broken clouds
205,Luderitz,NA,2022-02-12 15:14:03,-26.6481,15.1594,73.47,68,52,4.52,broken clouds
206,Tiksi,RU,2022-02-12 15:16:16,71.6872,128.8694,-9.26,92,95,17.6,overcast clouds
207,Wicklow,IE,2022-02-12 15:16:16,53.0,-6.4167,47.59,81,85,13.82,overcast clouds
208,Lagoa,PT,2022-02-12 15:15:18,39.05,-27.9833,59.94,85,100,20.24,overcast clouds
209,Talnakh,RU,2022-02-12 15:16:17,69.4865,88.3972,-9.17,79,55,10.09,broken clouds
210,Sri Aman,MY,2022-02-12 15:16:17,1.2376,111.4621,75.25,100,100,2.3,overcast clouds
211,Port Augusta,AU,2022-02-12 15:16:17,-32.5,137.7667,74.95,35,13,6.29,few clouds
212,Skala Fourkas,GR,2022-02-12 15:16:18,39.9998,23.3841,58.95,71,100,8.48,overcast clouds
213,Banda Aceh,ID,2022-02-12 15:16:18,5.5577,95.3222,78.33,86,56,14.07,broken clouds
214,Parabel,RU,2022-02-12 15:16:18,58.6978,81.4825,-5.66,100,43,7.61,scattered clouds
215,Coihaique,CL,2022-02-12 15:13:59,-45.5752,-72.0662,68.61,52,0,5.75,clear sky
216,Okato,NZ,2022-02-12 15:16:19,-39.2,173.8833,75.9,83,100,17.6,overcast clouds
217,Zabaykalsk,RU,2022-02-12 15:16:19,49.6333,117.3167,-19.37,100,38,3.65,scattered clouds
218,Abhayapuri,IN,2022-02-12 15:16:19,26.3333,90.6667,64.49,60,0,3.31,clear sky
219,Muli,MV,2022-02-12 15:16:20,2.9167,73.5667,81.95,70,60,6.8,broken clouds
220,Ayan,RU,2022-02-12 15:16:20,56.45,138.1667,-4.92,81,54,6.71,broken clouds
221,Mporokoso,ZM,2022-02-12 15:16:20,-9.3727,30.125,67.44,88,100,3.83,light rain
222,Genhe,CN,2022-02-12 15:16:20,50.7833,121.5167,-20.63,100,52,1.21,broken clouds
223,Puerto Del Rosario,ES,2022-02-12 15:16:21,28.5004,-13.8627,69.55,68,20,12.66,few clouds
224,Marawi,PH,2022-02-12 15:17:21,7.9986,124.2928,67.64,94,100,1.74,overcast clouds
225,Verkhnyaya Inta,RU,2022-02-12 15:17:22,65.9811,60.3094,7.9,85,100,13.04,overcast clouds
226,Usinsk,RU,2022-02-12 15:17:22,65.9939,57.5281,10.27,94,100,15.14,light snow
227,Channel-Port Aux Basques,CA,2022-02-12 15:17:22,47.5702,-59.1367,38.08,96,100,17.74,overcast clouds
228,Ban Dung,TH,2022-02-12 15:17:23,17.699,103.2596,78.87,99,100,3.78,overcast clouds
229,Ancud,CL,2022-02-12 15:17:23,-41.8697,-73.8203,75.22,59,80,4.43,broken clouds
230,Vila Velha,BR,2022-02-12 15:17:23,-20.3297,-40.2925,82.35,82,40,13.8,scattered clouds
231,Chara,RU,2022-02-12 15:17:23,56.9064,118.2631,-18.8,96,100,0.72,overcast clouds
232,Mangrol,IN,2022-02-12 15:17:24,21.1167,70.1167,71.49,58,4,11.39,clear sky
233,Yar-Sale,RU,2022-02-12 15:17:24,66.8333,70.8333,-6.5,88,100,14.56,overcast clouds
234,Shahrud,IR,2022-02-12 15:17:24,36.4182,54.9763,40.1,70,14,7.11,few clouds
235,Bengkulu,ID,2022-02-12 15:17:25,-3.8004,102.2655,77.61,85,100,5.08,overcast clouds
236,Faya,SA,2022-02-12 15:17:25,18.3851,42.4509,62.71,71,29,6.93,scattered clouds
237,Onega,RU,2022-02-12 15:17:25,63.9061,38.1404,8.38,97,35,4.52,scattered clouds
238,Sao Joao Da Barra,BR,2022-02-12 15:17:25,-21.6403,-41.0511,80.69,77,100,1.92,overcast clouds
239,Moussoro,TD,2022-02-12 15:17:26,13.6408,16.4901,90.19,7,91,10.56,overcast clouds
240,Maholi,IN,2022-02-12 15:17:26,27.6667,80.4667,55.8,60,0,5.23,clear sky
241,Esna,EG,2022-02-12 15:17:26,25.2934,32.554,73.0,24,0,17.11,clear sky
242,Shingu,JP,2022-02-12 15:17:27,33.7333,135.9833,40.91,68,0,5.7,clear sky
243,Rio Gallegos,AR,2022-02-12 15:12:33,-51.6226,-69.2181,66.25,26,40,37.98,scattered clouds
244,Margate,GB,2022-02-12 15:13:24,51.3813,1.3862,47.17,58,99,8.99,overcast clouds
245,Popondetta,PG,2022-02-12 15:17:27,-8.7537,148.2534,74.28,91,99,1.95,overcast clouds
246,Perry,US,2022-02-12 15:17:28,37.2506,-83.1999,49.96,85,100,7.63,overcast clouds
247,Abu Kamal,SY,2022-02-12 15:17:28,34.4506,40.9171,59.88,29,0,9.22,clear sky
248,Xingyi,CN,2022-02-12 15:17:28,24.1877,102.817,47.75,50,4,2.48,clear sky
249,Kavieng,PG,2022-02-12 15:17:28,-2.5744,150.7967,80.78,77,100,3.06,light rain
250,Saint-Pierre,RE,2022-02-12 15:17:29,-21.3393,55.4781,80.28,78,75,10.36,broken clouds
251,Chumikan,RU,2022-02-12 15:17:29,54.7183,135.315,7.38,95,100,2.35,overcast clouds
252,Mandali,IQ,2022-02-12 15:17:29,33.7499,45.5541,61.9,42,0,15.66,clear sky
253,Wichita Falls,US,2022-02-12 15:17:26,33.9137,-98.4934,35.17,38,0,24.16,clear sky
254,Pisco,PE,2022-02-12 15:17:30,-13.7,-76.2167,72.01,73,0,5.75,clear sky
255,Anshun,CN,2022-02-12 15:17:30,26.25,105.9333,36.66,87,100,12.03,overcast clouds
256,Verkhniy Baskunchak,RU,2022-02-12 15:17:30,48.2256,46.7217,34.05,99,100,3.71,snow
257,Dhidhdhoo,MV,2022-02-12 15:15:50,6.8833,73.1,81.75,73,99,9.1,overcast clouds
258,Ayutla,MX,2022-02-12 15:17:31,20.1167,-104.3333,58.05,54,60,2.33,broken clouds
259,Hokitika,NZ,2022-02-12 15:17:31,-42.7167,170.9667,53.89,87,100,11.16,overcast clouds
260,Kodiak,US,2022-02-12 15:17:31,57.79,-152.4072,38.71,65,40,14.97,scattered clouds
261,Castro,BR,2022-02-12 15:17:32,-24.7911,-50.0119,76.06,49,0,4.47,clear sky
262,Jacala,MX,2022-02-12 15:17:32,21.0167,-99.1833,57.56,62,2,2.19,clear sky
263,Uberlandia,BR,2022-02-12 15:17:32,-18.9186,-48.2772,70.81,94,75,6.91,mist
264,Staryy Nadym,RU,2022-02-12 15:17:33,65.6118,72.6842,-7.83,93,7,15.12,clear sky
265,Daru,PG,2022-02-12 15:17:33,-9.0763,143.2092,79.27,77,34,10.38,scattered clouds
266,Guerrero Negro,MX,2022-02-12 15:12:43,27.9769,-114.0611,60.75,65,99,4.52,overcast clouds
267,Baruun-Urt,MN,2022-02-12 15:17:34,46.6806,113.2792,-11.94,98,61,3.91,broken clouds
268,Mtwara,TZ,2022-02-12 15:17:34,-10.2667,40.1833,77.76,86,100,4.63,overcast clouds
269,Korla,CN,2022-02-12 15:17:34,41.7597,86.1469,30.13,42,70,3.31,broken clouds
270,Omboue,GA,2022-02-12 15:17:35,-1.5746,9.2618,83.97,69,58,11.45,broken clouds
271,Kailua,US,2022-02-12 15:17:35,21.4022,-157.7394,72.14,84,20,6.91,few clouds
272,Den Helder,NL,2022-02-12 15:14:53,52.9599,4.7593,46.02,64,75,23.02,broken clouds
273,Anuradhapura,LK,2022-02-12 15:18:35,8.3565,80.4173,73.94,93,98,5.93,light rain
274,Beroroha,MG,2022-02-12 15:18:36,-21.6667,45.1667,89.74,45,71,10.94,broken clouds
275,Kaitangata,NZ,2022-02-12 15:18:36,-46.2817,169.8464,51.93,74,100,8.7,light rain
276,Tamandare,BR,2022-02-12 15:18:36,-8.7597,-35.1047,86.67,59,24,11.72,few clouds
277,Acapulco,MX,2022-02-12 15:15:47,16.8634,-99.8901,78.62,69,100,0.0,overcast clouds
278,Adoni,IN,2022-02-12 15:18:36,15.6333,77.2833,78.24,31,82,7.36,broken clouds
279,Cayenne,GF,2022-02-12 15:18:37,4.9333,-52.3333,77.04,90,75,16.11,mist
280,Husavik,IS,2022-02-12 15:18:37,66.0449,-17.3389,21.11,82,59,5.64,broken clouds
281,Torbay,CA,2022-02-12 15:17:20,47.6666,-52.7314,38.57,72,100,12.66,overcast clouds
282,Kolokani,ML,2022-02-12 15:18:37,13.5728,-8.0339,90.05,7,1,8.34,clear sky
283,Cockburn Town,TC,2022-02-12 15:13:58,21.4612,-71.1419,77.67,75,2,22.28,clear sky
284,Port Blair,IN,2022-02-12 15:18:38,11.6667,92.75,80.64,69,40,13.8,haze
285,Najran,SA,2022-02-12 15:18:38,17.4924,44.1277,79.45,22,6,13.87,clear sky
286,Tezu,IN,2022-02-12 15:18:38,27.9167,96.1667,54.5,74,22,4.32,few clouds
287,Baherden,TM,2022-02-12 15:18:39,38.4362,57.4316,49.01,61,67,7.07,broken clouds
288,Lebu,CL,2022-02-12 15:18:39,-37.6167,-73.65,68.77,52,3,12.55,clear sky
289,Merauke,ID,2022-02-12 15:18:39,-8.4667,140.3333,79.23,80,12,10.94,few clouds
290,Mutis,CO,2022-02-12 15:18:39,6.2262,-77.4044,77.4,89,95,2.64,light rain
291,Hirara,JP,2022-02-12 15:15:18,24.8,125.2833,69.96,85,100,14.92,overcast clouds
292,Kalianget,ID,2022-02-12 15:18:40,-7.05,113.9333,76.53,91,100,9.13,overcast clouds
293,Beringovskiy,RU,2022-02-12 15:18:40,63.05,179.3167,-25.98,95,16,7.72,few clouds
294,Half Moon Bay,US,2022-02-12 15:18:40,37.4636,-122.4286,62.24,71,0,0.0,mist
295,Kathu,TH,2022-02-12 15:18:41,7.9178,98.3332,87.69,66,100,6.96,overcast clouds
296,Show Low,US,2022-02-12 15:15:28,34.2542,-110.0298,34.61,39,0,4.61,clear sky
297,Itarema,BR,2022-02-12 15:18:41,-2.9248,-39.9167,84.34,64,100,11.25,overcast clouds
298,Hailar,CN,2022-02-12 15:18:41,49.2,119.7,-23.48,100,100,3.0,overcast clouds
299,Kargasok,RU,2022-02-12 15:18:42,59.0556,80.8572,-5.37,99,56,9.19,broken clouds
300,Bhadrachalam,IN,2022-02-12 15:18:42,17.6667,80.8833,75.24,28,71,2.24,broken clouds
301,Fare,PF,2022-02-12 15:18:42,-16.7,-151.0167,80.85,73,95,13.33,light rain
302,Saint-Francois,FR,2022-02-12 15:18:43,46.4154,3.9054,46.42,64,0,3.44,clear sky
303,Camacha,PT,2022-02-12 15:18:43,33.0833,-16.3333,63.36,68,75,13.8,broken clouds
304,Lazaro Cardenas,MX,2022-02-12 15:18:43,17.9583,-102.2,75.99,47,86,4.18,overcast clouds
305,Nevelsk,RU,2022-02-12 15:18:43,46.6733,141.8633,10.83,90,98,8.03,overcast clouds
306,Pyinmana,MM,2022-02-12 15:18:44,19.7333,96.2167,66.47,32,38,2.13,scattered clouds
307,Kenora,CA,2022-02-12 15:18:44,49.8167,-94.4337,-22.23,68,100,5.75,overcast clouds
308,Voznesenye,RU,2022-02-12 15:18:44,61.0106,35.4781,24.66,86,100,13.15,light snow
309,Sinjar,IQ,2022-02-12 15:18:45,36.3209,41.8754,53.64,42,0,4.54,clear sky
310,Manavgat,TR,2022-02-12 15:18:45,36.7867,31.4431,59.41,62,74,2.64,broken clouds
311,Rabo De Peixe,PT,2022-02-12 15:18:45,37.8,-25.5833,60.31,67,75,12.66,broken clouds
312,Pyaozerskiy,RU,2022-02-12 15:18:45,65.8333,31.1667,6.66,95,31,5.1,scattered clouds
313,Lavrentiya,RU,2022-02-12 15:13:52,65.5833,-171.0,-19.93,92,15,7.2,few clouds
314,Namie,JP,2022-02-12 15:18:46,37.4833,141.0,34.72,83,17,6.93,few clouds
315,Maragogi,BR,2022-02-12 15:18:46,-9.0122,-35.2225,87.08,58,52,14.29,broken clouds
316,Manicore,BR,2022-02-12 15:18:46,-5.8092,-61.3003,88.65,54,87,2.75,overcast clouds
317,Mezhdurechenskiy,RU,2022-02-12 15:18:47,59.6,65.9333,6.67,95,100,7.49,light snow
318,Vardo,NO,2022-02-12 15:18:47,70.3705,31.1107,16.0,72,37,14.54,scattered clouds
319,Portalegre,PT,2022-02-12 15:18:47,39.2938,-7.4312,62.37,63,91,7.58,overcast clouds
320,Provideniya,RU,2022-02-12 15:17:46,64.3833,-173.3,-12.15,83,2,6.17,clear sky
321,Oga,IT,2022-02-12 15:19:48,46.4631,10.347,35.69,59,0,4.21,clear sky
322,Kushikino,JP,2022-02-12 15:19:48,31.7167,130.2667,50.95,87,100,10.07,overcast clouds
323,Matara,LK,2022-02-12 15:19:48,5.9485,80.5353,77.22,88,99,1.16,overcast clouds
324,Laguna,US,2022-02-12 15:19:49,38.421,-121.4238,60.62,94,0,0.0,mist
325,Codrington,AU,2022-02-12 15:15:15,-38.2667,141.9667,64.56,67,5,11.83,clear sky
326,Araguaina,BR,2022-02-12 15:19:49,-7.1911,-48.2072,80.49,77,79,7.11,moderate rain
327,Redlands,US,2022-02-12 15:19:49,34.0556,-117.1825,70.02,24,0,1.99,clear sky
328,Port Hardy,CA,2022-02-12 15:17:57,50.6996,-127.4199,37.76,100,100,0.0,fog
329,Skeldon,GY,2022-02-12 15:19:50,5.8833,-57.1333,78.98,84,79,6.53,broken clouds
330,Tanabe,JP,2022-02-12 15:19:50,33.7333,135.3667,40.93,65,0,1.01,clear sky
331,Lompoc,US,2022-02-12 15:17:53,34.6391,-120.4579,64.56,48,0,11.5,clear sky
332,Rosetta,EG,2022-02-12 15:19:50,31.4044,30.4164,59.56,64,0,16.31,clear sky
333,Novoorsk,RU,2022-02-12 15:19:51,51.381,58.9813,30.85,93,99,15.28,overcast clouds
334,Tucuman,AR,2022-02-12 15:18:15,-26.8241,-65.2226,62.6,94,100,3.44,mist
335,Belomorsk,RU,2022-02-12 15:19:51,64.5232,34.7668,16.43,94,100,6.93,overcast clouds
336,Kampene,CD,2022-02-12 15:19:51,-3.6,26.6667,80.94,67,94,2.91,overcast clouds
337,Gander,CA,2022-02-12 15:19:52,48.9682,-54.5906,32.38,74,100,20.71,overcast clouds
338,Bandarbeyla,SO,2022-02-12 15:19:52,9.4942,50.8122,77.41,57,30,13.15,scattered clouds
339,Madison,US,2022-02-12 15:19:52,34.7334,-86.5667,53.38,69,75,12.66,broken clouds
340,Kieta,PG,2022-02-12 15:19:53,-6.2167,155.6333,78.21,77,80,2.24,broken clouds
341,Port-Cartier,CA,2022-02-12 15:19:53,50.0334,-66.8654,32.11,95,100,1.52,overcast clouds
342,Zyryanka,RU,2022-02-12 15:19:53,65.75,150.85,-33.43,97,11,7.09,few clouds
343,Moose Factory,CA,2022-02-12 15:19:54,51.2585,-80.6094,-20.2,69,0,10.36,clear sky
344,Yerbogachen,RU,2022-02-12 15:19:54,61.2767,108.0108,-11.06,100,99,1.1,overcast clouds
345,Gaziantep,TR,2022-02-12 15:19:54,37.0594,37.3825,58.93,39,0,2.3,clear sky
346,Xichang,CN,2022-02-12 15:19:54,27.8964,102.2634,39.87,76,36,6.62,scattered clouds
347,Bahia Blanca,AR,2022-02-12 15:19:55,-38.7196,-62.2724,71.94,21,0,4.21,clear sky
348,Upata,VE,2022-02-12 15:19:55,8.0086,-62.3989,77.2,63,100,7.61,overcast clouds
349,Shache,CN,2022-02-12 15:19:55,38.4167,77.2406,39.33,36,71,5.5,broken clouds
350,Richards Bay,ZA,2022-02-12 15:19:56,-28.783,32.0377,83.28,62,0,13.51,clear sky
351,Umm Kaddadah,SD,2022-02-12 15:19:56,13.6017,26.6876,80.55,8,9,14.83,clear sky
352,Boddam,GB,2022-02-12 15:19:56,57.4667,-1.7833,50.43,82,100,23.26,overcast clouds
353,Jumla,NP,2022-02-12 15:15:05,29.2747,82.1838,30.2,83,5,6.35,clear sky
354,Trairi,BR,2022-02-12 15:19:57,-3.2778,-39.2689,83.62,67,88,8.81,overcast clouds
355,Barahona,DO,2022-02-12 15:19:57,18.2085,-71.1008,85.82,51,20,11.34,few clouds
356,Ozinki,RU,2022-02-12 15:19:57,51.1786,49.6769,18.79,96,96,5.35,overcast clouds
357,Castelo Do Piaui,BR,2022-02-12 15:19:57,-5.3222,-41.5525,94.14,36,70,3.31,broken clouds
358,Manaure,CO,2022-02-12 15:19:58,11.7751,-72.4445,85.08,55,42,25.03,scattered clouds
359,Muros,ES,2022-02-12 15:19:58,42.7762,-9.0603,60.24,80,35,5.77,scattered clouds
360,Hamilton,US,2022-02-12 15:19:23,39.1834,-84.5333,32.63,79,100,12.66,overcast clouds
361,Port Hedland,AU,2022-02-12 15:19:11,-20.3167,118.5667,86.05,84,62,3.44,broken clouds
362,Aswan,EG,2022-02-12 15:19:58,24.0934,32.907,75.63,20,0,18.79,clear sky
363,Tucurui,BR,2022-02-12 15:19:59,-3.7661,-49.6725,75.22,94,100,4.68,overcast clouds
364,Yenagoa,NG,2022-02-12 15:19:59,4.9247,6.2642,90.46,46,98,12.41,overcast clouds
365,Boundiali,CI,2022-02-12 15:19:59,9.5217,-6.4869,97.52,6,12,4.68,few clouds
366,Carutapera,BR,2022-02-12 15:21:00,-1.195,-46.02,79.93,86,100,6.13,overcast clouds
367,King City,US,2022-02-12 15:21:00,36.2127,-121.126,52.68,56,11,1.79,few clouds
368,Suwannaphum,TH,2022-02-12 15:21:00,15.6035,103.8021,86.04,48,44,4.27,scattered clouds
369,Olafsvik,IS,2022-02-12 15:21:01,64.8945,-23.7142,28.58,69,48,26.51,scattered clouds
370,Laukaa,RU,2022-02-12 15:21:01,58.7372,29.8453,32.94,84,100,13.47,overcast clouds
371,Tsabong,BW,2022-02-12 15:21:01,-26.0217,22.401,93.69,14,0,11.61,clear sky
372,Say,NE,2022-02-12 15:21:01,13.1007,2.3689,95.56,6,41,9.33,scattered clouds
373,Sayansk,RU,2022-02-12 15:21:02,54.1088,102.1648,-23.8,100,92,2.57,overcast clouds
374,Clyde River,CA,2022-02-12 15:21:02,70.4692,-68.5914,-16.37,69,100,24.16,light snow
375,Karratha,AU,2022-02-12 15:21:02,-20.7377,116.8463,87.22,65,19,7.81,few clouds
376,Dieppe,FR,2022-02-12 15:21:03,49.75,1.1667,48.18,53,86,3.0,overcast clouds
377,Nome,US,2022-02-12 15:21:03,64.5011,-165.4064,1.47,55,100,4.61,overcast clouds
378,Kichera,RU,2022-02-12 15:21:03,55.9375,110.0997,-17.27,85,8,5.37,clear sky
379,Skibbereen,IE,2022-02-12 15:21:04,51.55,-9.2667,49.8,80,89,16.96,overcast clouds
380,Sobinka,RU,2022-02-12 15:21:04,55.9855,40.0111,17.1,92,35,6.26,scattered clouds
381,Ituiutaba,BR,2022-02-12 15:21:04,-18.9689,-49.465,78.26,76,82,4.83,broken clouds
382,Gravdal,NO,2022-02-12 15:18:54,68.1214,13.5031,28.29,86,40,5.75,scattered clouds
383,Peterhead,GB,2022-02-12 15:21:05,57.5058,-1.7981,50.45,81,100,22.95,overcast clouds
384,Saint-Philippe,RE,2022-02-12 15:21:05,-21.3585,55.7679,80.19,77,18,6.87,few clouds
385,Bahawalpur,PK,2022-02-12 15:21:05,29.4,71.6833,66.02,18,0,4.03,clear sky
386,Banepa,NP,2022-02-12 15:21:05,27.6298,85.5214,48.52,87,20,4.61,few clouds
387,Champerico,GT,2022-02-12 15:21:06,14.3,-91.9167,88.75,60,0,0.92,clear sky
388,Kidal,ML,2022-02-12 15:21:06,18.4411,1.4078,85.84,7,0,10.87,clear sky
389,Chany,RU,2022-02-12 15:21:06,55.3121,76.7647,-0.76,92,11,11.45,few clouds
390,Isangel,VU,2022-02-12 15:21:07,-19.55,169.2667,79.3,89,76,4.07,broken clouds
391,Araguacu,BR,2022-02-12 15:21:07,-12.9306,-49.8264,80.4,79,63,3.47,broken clouds
392,Cabra,ES,2022-02-12 15:21:07,37.4725,-4.4421,65.14,52,56,4.0,broken clouds
393,Samarai,PG,2022-02-12 15:21:08,-10.6167,150.6667,80.42,67,100,7.52,overcast clouds
394,Tahe,CN,2022-02-12 15:21:08,52.3333,124.7333,-11.4,98,99,3.71,overcast clouds
395,Santa Cruz,BO,2022-02-12 15:21:08,-17.8,-63.1667,78.85,69,75,21.85,broken clouds
396,Nanakuli,US,2022-02-12 15:21:08,21.3906,-158.1547,72.1,82,0,4.61,clear sky
397,Singapore,SG,2022-02-12 15:21:09,1.2897,103.8501,78.94,83,75,6.91,broken clouds
398,Marquard,ZA,2022-02-12 15:21:09,-28.6645,27.4305,81.0,37,81,5.46,broken clouds
399,Norman Wells,CA,2022-02-12 15:21:09,65.282,-126.8329,-14.76,70,40,6.91,scattered clouds
400,Ponta Do Sol,PT,2022-02-12 15:21:10,32.6667,-17.1,69.71,67,7,3.04,clear sky
401,Bilibino,RU,2022-02-12 15:21:10,68.0546,166.4372,-37.43,100,91,1.45,overcast clouds
402,Choachi,CO,2022-02-12 15:21:10,4.529,-73.9227,72.99,94,100,3.49,overcast clouds
403,Ahuimanu,US,2022-02-12 15:21:11,21.4447,-157.8378,71.85,84,20,6.91,few clouds
404,Yangjiang,CN,2022-02-12 15:21:11,21.85,111.9667,66.94,85,100,3.24,overcast clouds
405,Naryan-Mar,RU,2022-02-12 15:21:11,67.6713,53.087,12.15,93,97,13.35,overcast clouds
406,Virarajendrapet,IN,2022-02-12 15:21:11,12.2,75.8,66.18,81,37,1.66,scattered clouds
407,Mantua,IT,2022-02-12 15:21:12,45.1667,10.7833,56.08,37,0,7.0,clear sky
408,Kamina,CD,2022-02-12 15:21:12,-8.7386,24.9906,72.66,86,73,3.85,moderate rain
409,Dawei,MM,2022-02-12 15:21:12,14.0833,98.2,74.35,75,24,2.37,few clouds
410,Anicuns,BR,2022-02-12 15:21:13,-16.4611,-49.9617,75.67,87,46,4.23,scattered clouds
411,Palmer,US,2022-02-12 15:21:13,42.1584,-72.3287,55.81,49,75,8.05,broken clouds
412,Sisimiut,GL,2022-02-12 15:22:13,66.9395,-53.6735,16.61,89,96,35.68,overcast clouds
413,Utica,US,2022-02-12 15:22:14,43.1009,-75.2327,46.31,62,84,7.0,broken clouds
414,Kautokeino,NO,2022-02-12 15:22:14,69.0125,23.0412,-11.83,100,32,2.13,scattered clouds
415,Pekan,MY,2022-02-12 15:22:14,3.4836,103.3996,75.31,85,34,10.58,scattered clouds
416,Hutchinson,US,2022-02-12 15:20:13,38.0608,-97.9298,20.59,58,0,11.5,clear sky
417,Pimenta Bueno,BR,2022-02-12 15:22:15,-11.6725,-61.1936,83.43,72,100,4.0,overcast clouds
418,Zhuji,CN,2022-02-12 15:22:15,29.7188,120.2423,44.89,97,100,1.5,overcast clouds
419,Komsomolskiy,UZ,2022-02-12 15:22:15,40.4272,71.7189,40.42,87,100,0.0,mist
420,Anadyr,RU,2022-02-12 15:22:16,64.75,177.4833,-30.5,68,0,6.71,clear sky
421,Warkworth,NZ,2022-02-12 15:22:16,-36.4,174.6667,75.42,78,58,28.48,broken clouds
422,Gizo,SB,2022-02-12 15:22:16,-8.103,156.8419,79.14,77,100,4.88,overcast clouds
423,Mizan Teferi,ET,2022-02-12 15:22:17,6.9833,35.5833,75.13,47,68,2.37,light rain
424,Araouane,ML,2022-02-12 15:22:17,18.9048,-3.5265,78.64,9,2,13.15,clear sky
425,Grand-Santi,GF,2022-02-12 15:22:17,4.25,-54.3833,81.79,75,97,4.65,overcast clouds
426,Port-Gentil,GA,2022-02-12 15:20:16,-0.7193,8.7815,80.92,81,59,12.19,light rain
427,Skjervoy,NO,2022-02-12 15:22:11,70.0311,20.9714,30.76,63,99,17.11,light snow
428,Deputatskiy,RU,2022-02-12 15:22:18,69.3,139.9,-10.91,90,100,5.95,overcast clouds
429,Ambulu,ID,2022-02-12 15:22:18,-8.345,113.6058,76.21,88,100,3.4,overcast clouds
430,Kiama,AU,2022-02-12 15:18:52,-34.6833,150.8667,68.0,95,95,1.01,overcast clouds
431,Brigantine,US,2022-02-12 15:18:16,39.4101,-74.3646,59.02,41,0,12.66,clear sky
432,Kiunga,PG,2022-02-12 15:22:18,-6.1219,141.2906,75.49,83,100,1.92,overcast clouds
433,Makakilo City,US,2022-02-12 15:19:07,21.3469,-158.0858,70.68,82,0,4.61,clear sky
434,Wawa,NG,2022-02-12 15:22:19,9.9022,4.4192,95.02,10,87,3.6,overcast clouds
435,Lewistown,US,2022-02-12 15:21:08,40.5992,-77.5714,48.81,87,75,11.5,broken clouds
436,Benito Juarez,MX,2022-02-12 15:22:19,19.385,-99.165,58.59,22,75,0.0,broken clouds
437,Abja-Paluoja,EE,2022-02-12 15:22:19,58.1253,25.3497,34.86,81,100,15.7,overcast clouds
438,Hammerfest,NO,2022-02-12 15:22:20,70.6634,23.6821,27.05,100,100,14.97,shower snow
439,Poum,NC,2022-02-12 15:22:20,-20.2333,164.0167,80.53,77,83,3.15,broken clouds
440,Viedma,AR,2022-02-12 15:22:20,-40.8135,-62.9967,75.45,22,98,16.33,overcast clouds
441,Mount Isa,AU,2022-02-12 15:22:20,-20.7333,139.5,74.97,78,40,10.36,scattered clouds
442,Teguise,ES,2022-02-12 15:17:59,29.0605,-13.564,62.82,82,20,19.57,few clouds
443,Huarmey,PE,2022-02-12 15:22:21,-10.0681,-78.1522,74.34,75,71,7.49,broken clouds
444,Nago,JP,2022-02-12 15:22:21,26.5881,127.9761,68.85,93,99,8.05,overcast clouds
445,Brae,GB,2022-02-12 15:22:21,60.3964,-1.353,46.31,86,100,25.5,overcast clouds
446,Peniche,PT,2022-02-12 15:22:22,39.3558,-9.3811,63.63,76,99,10.89,overcast clouds
447,Khandyga,RU,2022-02-12 15:22:22,62.6667,135.6,-41.19,100,86,1.72,overcast clouds
448,Yumen,CN,2022-02-12 15:22:22,40.2833,97.2,26.31,41,100,11.36,overcast clouds
449,Lagos,NG,2022-02-12 15:22:17,6.5833,3.75,91.72,50,100,11.81,overcast clouds
450,Aksu,CN,2022-02-12 15:22:23,41.1231,80.2644,31.53,45,64,5.03,broken clouds
451,Medvedevo,RU,2022-02-12 15:22:23,56.6339,47.804,27.12,98,100,3.91,snow
452,Halifax,CA,2022-02-12 15:20:22,44.6453,-63.5724,50.68,78,31,14.97,scattered clouds
453,Juneau,US,2022-02-12 15:22:23,58.3019,-134.4197,39.2,96,100,5.01,light rain
454,Hue,VN,2022-02-12 15:22:24,16.4667,107.6,73.51,88,40,12.66,scattered clouds
455,Seoul,KR,2022-02-12 15:19:12,37.5683,126.9778,33.24,51,0,1.14,clear sky
456,Batagay,RU,2022-02-12 15:23:24,67.6333,134.6333,-31.77,98,87,3.15,overcast clouds
457,Igarka,RU,2022-02-12 15:23:25,67.4667,86.5833,-10.48,85,4,9.95,clear sky
458,Balakhta,RU,2022-02-12 15:23:25,55.38,91.6,-14.91,99,51,2.26,broken clouds
459,Raudeberg,NO,2022-02-12 15:23:25,61.9875,5.1352,42.58,91,100,8.01,light rain
460,Ovsyanka,RU,2022-02-12 15:23:25,55.9575,92.5519,-11.78,100,62,2.1,broken clouds
461,Abu Samrah,SY,2022-02-12 15:23:26,35.3029,37.1841,54.7,50,0,3.91,clear sky
462,Arcani,RO,2022-02-12 15:23:26,45.0833,23.1333,45.27,52,72,5.48,broken clouds
463,Ler,SS,2022-02-12 15:23:26,8.3018,30.1418,94.86,14,60,6.82,broken clouds
464,Los Llanos De Aridane,ES,2022-02-12 15:23:27,28.6585,-17.9182,67.12,76,40,13.8,scattered clouds
465,Sarangani,PH,2022-02-12 15:23:15,5.4033,125.4636,81.95,78,100,18.61,overcast clouds
466,Chapais,CA,2022-02-12 15:23:27,49.7834,-74.8492,-11.42,87,100,11.95,overcast clouds
467,Egvekinot,RU,2022-02-12 15:23:27,66.3167,-179.1667,-20.47,88,18,7.96,few clouds
468,Acajutla,SV,2022-02-12 15:23:27,13.5928,-89.8275,84.79,51,3,0.83,clear sky
469,Presidencia Roque Saenz Pena,AR,2022-02-12 15:23:28,-26.7852,-60.4388,70.93,82,100,9.84,light rain
470,Matay,EG,2022-02-12 15:23:28,28.419,30.7792,68.18,25,0,2.28,clear sky
471,San Jose,US,2022-02-12 15:22:57,37.3394,-121.895,62.2,69,75,0.0,broken clouds
472,Rudnogorsk,RU,2022-02-12 15:23:28,57.2639,103.7519,-23.04,100,54,2.08,broken clouds
473,Mutare,ZW,2022-02-12 15:23:29,-18.9707,32.6709,74.3,57,20,7.81,few clouds
474,Saraland,US,2022-02-12 15:23:29,30.8207,-88.0706,60.31,75,69,4.34,broken clouds
475,The Pas,CA,2022-02-12 15:23:29,53.8251,-101.2541,-16.58,76,0,10.36,clear sky
476,Winfield,US,2022-02-12 15:19:11,37.2398,-96.9956,23.72,53,0,11.5,clear sky
477,Togur,RU,2022-02-12 15:23:30,58.3631,82.8265,-2.81,98,10,7.14,clear sky
478,Linxi,CN,2022-02-12 15:23:30,39.7,118.4333,27.88,59,100,9.53,overcast clouds
479,Maumere,ID,2022-02-12 15:23:30,-8.6199,122.2111,78.57,82,99,3.2,overcast clouds
480,Narsaq,GL,2022-02-12 15:23:31,60.9167,-46.05,32.22,97,100,4.97,snow
481,Makarov,RU,2022-02-12 15:23:31,48.6333,142.8,20.14,96,100,6.69,light snow
482,Padang,ID,2022-02-12 15:23:31,-0.9492,100.3543,78.64,81,99,4.14,overcast clouds
483,Roros,NO,2022-02-12 15:23:31,62.5747,11.3842,30.04,80,100,9.22,light shower snow
484,Talcahuano,CL,2022-02-12 15:23:32,-36.7167,-73.1167,80.28,34,0,9.22,clear sky
485,Moindou,NC,2022-02-12 15:22:56,-21.6924,165.677,75.15,86,64,1.88,broken clouds
486,Tual,ID,2022-02-12 15:23:32,-5.6667,132.75,82.98,70,11,3.49,few clouds
487,Iisalmi,FI,2022-02-12 15:23:32,63.5592,27.1907,28.42,90,81,6.62,broken clouds
488,Alice Springs,AU,2022-02-12 15:23:33,-23.7,133.8833,63.95,68,0,0.0,clear sky
489,Sehithwa,BW,2022-02-12 15:23:33,-20.4667,22.7167,89.11,31,70,10.36,broken clouds
490,Zhuhai,CN,2022-02-12 15:23:33,22.2769,113.5678,68.92,94,40,2.3,scattered clouds
491,Corner Brook,CA,2022-02-12 15:20:32,48.9667,-57.9484,39.33,98,100,12.24,overcast clouds
492,Rujewa,TZ,2022-02-12 15:23:33,-8.7,34.3833,67.95,92,100,1.72,light rain
493,Qeshm,IR,2022-02-12 15:23:34,26.9581,56.2719,71.49,61,2,12.12,clear sky
494,Sozimskiy,RU,2022-02-12 15:23:34,59.7418,52.2482,23.88,96,100,5.79,light snow
495,Dukat,RU,2022-02-12 15:23:34,62.55,155.55,-29.29,87,72,3.91,broken clouds
496,Aktau,KZ,2022-02-12 15:23:35,43.65,51.2,43.38,83,15,9.06,few clouds
497,Amapala,HN,2022-02-12 15:23:35,13.2922,-87.6539,90.0,52,1,4.56,clear sky
498,Vila,PT,2022-02-12 15:23:35,42.0304,-8.1588,50.74,75,90,3.65,overcast clouds
499,Vanavara,RU,2022-02-12 15:23:35,60.34,102.2797,-17.75,100,72,1.43,broken clouds
500,Voyvozh,RU,2022-02-12 15:23:36,62.892,54.9635,12.34,94,100,7.25,overcast clouds
501,Mogadishu,SO,2022-02-12 15:24:36,2.0371,45.3438,78.42,74,64,18.37,broken clouds
502,Moyale,KE,2022-02-12 15:24:37,3.5167,39.0584,87.42,14,40,10.2,scattered clouds
503,Tabou,CI,2022-02-12 15:24:37,4.423,-7.3528,83.7,69,77,8.37,light rain
504,Qaqortoq,GL,2022-02-12 15:24:37,60.7167,-46.0333,32.5,97,100,3.09,snow
505,Riyadh,SA,2022-02-12 15:21:13,24.6877,46.7219,62.74,29,4,15.37,clear sky
506,Dunedin,NZ,2022-02-12 15:24:37,-45.8742,170.5036,50.81,68,100,11.01,overcast clouds
507,San Vicente,AR,2022-02-12 15:24:38,-26.6167,-54.1333,90.03,31,33,5.21,scattered clouds
508,Cholet,FR,2022-02-12 15:24:38,47.1667,-1.0,50.32,54,44,8.5,scattered clouds
509,Tamiahua,MX,2022-02-12 15:24:38,21.2667,-97.45,68.59,78,32,6.46,scattered clouds
510,Havre-Saint-Pierre,CA,2022-02-12 15:24:39,50.2334,-63.5986,34.16,93,100,12.66,overcast clouds
511,Kotovo,RU,2022-02-12 15:24:39,50.3211,44.8012,26.38,96,100,2.35,light snow
512,Khargupur,IN,2022-02-12 15:24:39,27.3833,81.9833,56.21,57,0,6.33,clear sky
513,Zharkent,KZ,2022-02-12 15:24:39,44.1628,80.0,28.8,92,100,1.36,overcast clouds
514,Danville,US,2022-02-12 15:21:46,36.586,-79.395,61.11,47,0,8.01,clear sky
515,Leshukonskoye,RU,2022-02-12 15:24:40,64.8989,45.7622,20.07,94,100,6.58,light snow
516,Hovd,MN,2022-02-12 15:24:40,48.0056,91.6419,-15.39,86,25,4.59,scattered clouds
517,Elizabeth City,US,2022-02-12 15:24:40,36.2946,-76.2511,63.05,49,0,11.5,clear sky
518,Haines Junction,CA,2022-02-12 15:24:41,60.7522,-137.5108,35.55,64,97,8.05,overcast clouds
519,Poronaysk,RU,2022-02-12 15:24:41,49.2167,143.1167,14.31,96,100,5.53,overcast clouds
520,Calabozo,VE,2022-02-12 15:24:41,8.9242,-67.4293,88.02,43,45,11.48,scattered clouds
521,Kapiri Mposhi,ZM,2022-02-12 15:24:42,-13.9652,28.6809,74.44,67,83,6.08,broken clouds
522,Ganzhou,CN,2022-02-12 15:24:42,28.8184,115.4327,43.81,94,100,2.3,overcast clouds
523,Sur,OM,2022-02-12 15:24:42,22.5667,59.5289,71.98,58,1,7.52,clear sky
524,Nouadhibou,MR,2022-02-12 15:20:21,20.931,-17.0347,82.38,21,98,11.5,overcast clouds
525,Bagotville,AU,2022-02-12 15:24:43,-28.9833,153.4167,73.22,92,57,13.0,broken clouds
526,Makhachkala,RU,2022-02-12 15:23:40,42.9764,47.5024,37.38,77,4,10.54,clear sky
527,Soria,ES,2022-02-12 15:24:43,41.6667,-2.6667,54.1,51,96,7.9,overcast clouds
528,Portland,US,2022-02-12 15:21:50,45.5234,-122.6762,46.81,65,0,6.91,clear sky
529,Lamu,KE,2022-02-12 15:24:43,-2.2717,40.902,80.82,81,95,14.61,overcast clouds
530,Zhanakorgan,KZ,2022-02-12 15:23:51,43.9098,67.2495,33.28,72,100,6.2,overcast clouds
531,Soe,ID,2022-02-12 15:24:44,-9.8607,124.284,67.03,96,94,1.03,overcast clouds
532,Coahuayana,MX,2022-02-12 15:24:44,18.7333,-103.6833,72.88,40,69,5.14,broken clouds
533,Dawlatabad,AF,2022-02-12 15:24:44,36.4141,64.9053,46.31,61,100,8.68,overcast clouds
534,Laibin,CN,2022-02-12 15:24:45,23.7,109.2667,48.72,85,100,9.01,overcast clouds
535,Rondonopolis,BR,2022-02-12 15:24:45,-16.4708,-54.6356,84.85,73,46,1.79,scattered clouds
536,Fallon,US,2022-02-12 15:24:30,39.4735,-118.7774,22.87,86,0,0.0,clear sky
537,Balkhash,KZ,2022-02-12 15:24:45,46.844,74.9804,14.47,92,8,12.41,clear sky
538,Henderson,US,2022-02-12 15:22:04,36.0397,-114.9819,59.14,29,0,9.22,clear sky
539,Plast,RU,2022-02-12 15:24:46,54.3691,60.8136,10.65,96,100,2.08,overcast clouds
540,Farso,DK,2022-02-12 15:24:46,56.7728,9.3393,40.86,79,100,22.35,overcast clouds
541,Ipixuna,BR,2022-02-12 15:24:46,-1.7625,-48.8043,87.75,70,89,4.97,overcast clouds
542,Montepuez,MZ,2022-02-12 15:24:46,-13.1256,38.9997,70.48,97,100,3.15,moderate rain
543,Nouakchott,MR,2022-02-12 15:24:47,18.0858,-15.9785,89.53,23,98,18.01,overcast clouds
544,Pontianak,ID,2022-02-12 15:24:47,-0.0333,109.3333,76.98,94,40,0.0,light rain
545,Changji,CN,2022-02-12 15:24:47,44.0167,87.3167,12.99,92,75,2.24,mist
546,Namatanai,PG,2022-02-12 15:25:48,-3.6667,152.4333,78.08,83,100,5.59,moderate rain
547,Lufilufi,WS,2022-02-12 15:25:48,-13.8745,-171.5986,74.98,79,100,10.04,light rain
548,Mobo,PH,2022-02-12 15:25:48,12.3363,123.6574,75.56,92,100,11.25,overcast clouds
549,Isilkul,RU,2022-02-12 15:25:48,54.9109,71.2728,2.5,96,100,9.78,light snow
550,Kemptville,CA,2022-02-12 15:25:49,45.0168,-75.641,39.79,92,100,14.97,light snow
551,Saint-Augustin,CA,2022-02-12 15:25:49,51.226,-58.6502,28.36,95,100,17.09,light snow
552,Taoudenni,ML,2022-02-12 15:21:09,22.6783,-3.9836,76.98,13,0,12.44,clear sky
553,Atar,MR,2022-02-12 15:21:30,20.5169,-13.0499,80.65,16,25,11.5,scattered clouds
554,Kincardine,GB,2022-02-12 15:25:49,56.0667,-3.7167,50.99,90,100,15.95,overcast clouds
555,Chamonix-Mont-Blanc,FR,2022-02-12 15:25:50,45.9238,6.8693,41.86,82,58,3.06,broken clouds
556,Buga,CO,2022-02-12 15:25:50,3.9009,-76.2978,74.91,79,82,0.51,broken clouds
557,Aleksandrov Gay,RU,2022-02-12 15:25:50,50.147,48.5704,23.31,96,100,3.87,overcast clouds
558,Natal,BR,2022-02-12 15:25:51,-5.795,-35.2094,88.02,66,75,17.27,broken clouds
559,Raga,SS,2022-02-12 15:25:51,8.4596,25.678,90.81,12,27,8.57,scattered clouds
560,Redcar,GB,2022-02-12 15:25:51,54.6166,-1.06,48.97,52,100,21.0,overcast clouds
561,San Juan Evangelista,MX,2022-02-12 15:25:51,17.9,-95.1333,67.32,87,82,6.17,broken clouds
562,Tura,IN,2022-02-12 15:25:52,25.5198,90.2201,56.12,72,0,3.89,clear sky
563,Boa Vista,BR,2022-02-12 15:25:52,2.8197,-60.6733,87.78,45,75,14.97,broken clouds
564,Aljezur,PT,2022-02-12 15:25:52,37.3191,-8.8033,63.37,66,57,7.38,broken clouds
565,Ambilobe,MG,2022-02-12 15:25:53,-13.2,49.05,76.3,90,20,3.47,moderate rain
566,Takoradi,GH,2022-02-12 15:23:46,4.8845,-1.7554,84.87,66,100,12.03,overcast clouds
567,Yen Bai,VN,2022-02-12 15:25:53,21.7,104.8667,62.67,97,100,1.88,overcast clouds
568,Vila Franca Do Campo,PT,2022-02-12 15:25:00,37.7167,-25.4333,61.21,66,96,11.21,overcast clouds
569,Valparaiso,CL,2022-02-12 15:22:13,-33.0393,-71.6273,68.23,72,20,12.66,few clouds
570,Talas,TR,2022-02-12 15:25:53,38.6908,35.5538,27.27,80,0,11.5,clear sky
571,Klaksvik,FO,2022-02-12 15:25:54,62.2266,-6.589,41.92,87,100,13.47,overcast clouds
572,Palmares Do Sul,BR,2022-02-12 15:25:54,-30.2578,-50.5097,86.49,47,3,9.93,clear sky
573,Safford,US,2022-02-12 15:25:54,32.834,-109.7076,49.93,38,0,8.05,clear sky
574,Maceio,BR,2022-02-12 15:25:55,-9.6658,-35.7353,80.04,78,75,4.61,broken clouds
575,Sahuaripa,MX,2022-02-12 15:25:55,29.05,-109.2333,56.97,29,0,3.58,clear sky
576,Gat,IL,2022-02-12 15:25:55,31.61,34.7642,63.39,22,0,9.13,clear sky
577,Wichita,US,2022-02-12 15:22:17,37.6922,-97.3375,21.45,53,20,14.97,few clouds
578,Ust-Omchug,RU,2022-02-12 15:25:56,61.15,149.6333,-34.24,99,81,1.74,broken clouds
579,Nortelandia,BR,2022-02-12 15:25:56,-14.4547,-56.8028,84.38,70,100,2.59,overcast clouds
580,Urengoy,RU,2022-02-12 15:25:56,65.9667,78.3667,-6.29,93,6,12.57,clear sky
581,Bambanglipuro,ID,2022-02-12 15:25:57,-7.95,110.2833,62.6,87,100,4.41,heavy intensity rain
582,Tarbagatay,RU,2022-02-12 15:25:57,51.4803,107.3602,-20.52,100,12,2.71,few clouds
583,Broome,US,2022-02-12 15:25:57,42.2506,-75.833,44.78,66,20,19.57,few clouds
584,Sistranda,NO,2022-02-12 15:25:58,63.7256,8.834,36.9,87,100,14.03,light rain
585,Gamba,GA,2022-02-12 15:25:58,-2.65,10.0,83.28,72,33,11.32,scattered clouds
586,Jurado,CO,2022-02-12 15:25:58,7.1053,-77.7641,83.91,66,30,2.75,scattered clouds
587,Vondrozo,MG,2022-02-12 15:25:58,-22.8167,47.2833,71.91,83,34,6.24,scattered clouds
588,Kibala,TD,2022-02-12 15:25:59,9.1104,18.3463,96.75,10,0,6.91,clear sky
589,Lovozero,RU,2022-02-12 15:25:59,68.005,35.0117,19.62,81,100,13.04,overcast clouds
590,Berlevag,NO,2022-02-12 15:25:59,70.8578,29.0864,25.11,78,93,16.06,light snow
591,Takestan,IR,2022-02-12 15:26:00,36.0696,49.6959,41.13,61,1,9.06,clear sky
592,Sebeta,ET,2022-02-12 15:27:00,8.9167,38.6167,68.52,35,74,14.52,broken clouds
593,Chuguyevka,RU,2022-02-12 15:27:00,44.1653,133.8633,1.89,99,99,2.17,overcast clouds
594,Pedernales,DO,2022-02-12 15:25:26,18.0384,-71.744,82.47,54,6,6.67,clear sky
595,Ugoofaaru,MV,2022-02-12 15:27:01,5.6667,73.0,81.09,75,100,9.78,overcast clouds
596,Matola,MZ,2022-02-12 15:27:01,-25.9622,32.4589,85.51,61,20,16.11,few clouds
597,Dudinka,RU,2022-02-12 15:27:01,69.4058,86.1778,-6.16,85,24,15.12,few clouds
598,Turbat,PK,2022-02-12 15:27:01,26.0023,63.044,72.73,35,0,8.03,clear sky
599,Taltal,CL,2022-02-12 15:27:02,-25.4,-70.4833,71.44,69,1,6.67,clear sky
600,Ust-Ilimsk,RU,2022-02-12 15:27:02,58.0006,102.6619,-20.0,100,74,1.88,broken clouds
601,Fairbanks,US,2022-02-12 15:26:17,64.8378,-147.7164,-3.91,81,100,4.61,overcast clouds
602,Uige,AO,2022-02-12 15:27:02,-7.6087,15.0613,77.83,68,76,2.86,broken clouds
603,Ormond Beach,US,2022-02-12 15:27:03,29.2858,-81.0559,74.25,77,20,4.61,few clouds
604,Jinchang,CN,2022-02-12 15:27:03,38.4953,102.1739,26.17,49,99,4.9,overcast clouds
605,Kindu,CD,2022-02-12 15:27:03,-2.95,25.95,87.49,54,99,2.51,overcast clouds
606,Mama,RU,2022-02-12 15:27:04,58.3106,112.8986,-30.23,100,28,3.71,scattered clouds
607,Lukovetskiy,RU,2022-02-12 15:27:04,64.2956,41.9211,21.18,95,100,6.98,overcast clouds
608,Ambatofinandrahana,MG,2022-02-12 15:27:04,-20.55,46.8,68.31,70,7,10.33,clear sky
609,Gilgit,PK,2022-02-12 15:27:04,35.9221,74.3087,24.22,64,26,3.02,scattered clouds
610,Ginda,IN,2022-02-12 15:27:05,30.6945,78.4932,38.37,47,0,6.4,clear sky
611,Hualmay,PE,2022-02-12 15:27:05,-11.0964,-77.6139,73.94,73,70,7.09,broken clouds
612,Mareeba,AU,2022-02-12 15:27:05,-17.0,145.4333,74.12,94,30,1.54,scattered clouds
613,Barra Da Estiva,BR,2022-02-12 15:27:06,-13.6261,-41.3269,77.7,61,81,3.49,broken clouds
614,Kurush,RU,2022-02-12 15:27:06,41.2841,47.8345,13.89,73,2,3.51,clear sky
615,La Serena,CL,2022-02-12 15:22:17,-29.9078,-71.2542,67.51,72,40,12.66,scattered clouds
616,Celestun,MX,2022-02-12 15:27:06,20.8667,-90.4,74.71,78,93,10.58,overcast clouds
617,Hasaki,JP,2022-02-12 15:27:07,35.7333,140.8333,30.6,58,18,7.31,few clouds
618,Siuna,NI,2022-02-12 15:27:11,13.7332,-84.7773,76.95,78,73,4.76,broken clouds
619,Singaraja,ID,2022-02-12 15:27:11,-8.112,115.0882,81.97,94,100,4.16,light rain
620,Macas,EC,2022-02-12 15:27:12,-2.3167,-78.1167,73.15,78,100,3.44,overcast clouds
621,Vanimo,PG,2022-02-12 15:27:12,-2.6741,141.3028,77.52,88,87,6.06,overcast clouds
622,Arsk,RU,2022-02-12 15:27:12,56.0915,49.8778,28.18,94,100,9.06,overcast clouds
623,Thinadhoo,MV,2022-02-12 15:27:12,0.5333,72.9333,82.04,68,100,8.34,overcast clouds
624,Sao Lourenco Do Sul,BR,2022-02-12 15:27:13,-31.3653,-51.9783,82.45,55,50,9.15,scattered clouds
625,Senno,RU,2022-02-12 15:27:13,59.5336,33.9167,25.2,95,100,11.01,light snow
626,Karasjok,NO,2022-02-12 15:27:13,69.4719,25.5112,5.11,97,94,3.47,overcast clouds
627,Mahibadhoo,MV,2022-02-12 15:27:14,3.7833,72.9667,81.55,73,81,6.62,broken clouds
628,Sambava,MG,2022-02-12 15:27:14,-14.2667,50.1667,78.37,83,24,8.66,light rain
629,Carai,BR,2022-02-12 15:27:14,-17.1889,-41.6947,80.67,54,44,5.23,scattered clouds
630,Mackay,AU,2022-02-12 15:27:15,-21.15,149.2,78.78,69,75,14.97,broken clouds
631,Ubinskoye,RU,2022-02-12 15:27:15,55.3068,79.6802,-3.28,96,6,10.13,clear sky
632,Georgiyevka,KZ,2022-02-12 15:27:15,43.0369,74.7114,28.44,93,75,6.71,broken clouds
633,Caliling,PH,2022-02-12 15:27:15,9.9804,122.4814,80.47,86,100,14.92,overcast clouds
634,Tevriz,RU,2022-02-12 15:27:16,57.509,72.4042,1.04,93,81,8.86,broken clouds
635,Ijui,BR,2022-02-12 15:27:16,-28.3878,-53.9147,89.62,28,2,8.59,clear sky
636,Doda,IN,2022-02-12 15:27:16,33.1333,75.5667,47.82,70,0,3.11,clear sky
637,Yuci,CN,2022-02-12 15:28:17,37.6803,112.7319,33.55,60,99,13.42,haze
638,Male,MV,2022-02-12 15:28:17,4.1748,73.5089,82.35,83,75,8.05,broken clouds
639,Paamiut,GL,2022-02-12 15:28:17,61.994,-49.6678,22.51,95,100,11.9,snow
640,Zhangye,CN,2022-02-12 15:28:17,38.9342,100.4517,28.31,52,100,7.11,overcast clouds
641,Oromocto,CA,2022-02-12 15:27:16,45.8351,-66.4792,47.25,69,100,11.5,overcast clouds
642,Villarrobledo,ES,2022-02-12 15:28:18,39.2699,-2.6012,60.87,36,66,10.27,broken clouds
643,Kifri,IQ,2022-02-12 15:28:18,34.6959,44.9661,58.75,46,0,7.99,clear sky
644,Olinda,BR,2022-02-12 15:25:03,-8.0089,-34.8553,87.53,66,40,10.36,scattered clouds
645,Duku,NG,2022-02-12 15:28:18,11.2361,4.9073,97.61,6,83,3.91,broken clouds
646,Praia,CV,2022-02-12 15:28:19,14.9215,-23.5087,82.94,47,89,26.46,overcast clouds
647,Khanpur,PK,2022-02-12 15:28:19,28.6453,70.6567,67.96,18,0,7.07,clear sky
648,Berlin,DE,2022-02-12 15:28:06,52.5244,13.4105,42.98,69,20,14.0,few clouds
649,Nyurba,RU,2022-02-12 15:28:19,63.2842,118.3319,-22.58,100,100,2.82,overcast clouds
650,Nizhniy Baskunchak,RU,2022-02-12 15:28:20,48.2198,46.8311,34.12,99,100,3.94,snow
651,Kalininsk,RU,2022-02-12 15:28:20,51.5,44.4758,22.78,97,100,3.51,overcast clouds
652,Shakiso,ET,2022-02-12 15:28:20,5.75,38.9167,80.37,17,25,4.68,scattered clouds
653,Canutama,BR,2022-02-12 15:28:21,-6.5339,-64.3831,86.09,61,100,3.78,overcast clouds
654,Acarau,BR,2022-02-12 15:28:21,-2.8856,-40.12,82.96,69,93,11.88,light rain
655,Cuamba,MZ,2022-02-12 15:28:21,-14.8031,36.5372,70.5,95,100,2.08,moderate rain
656,Sao Miguel Do Araguaia,BR,2022-02-12 15:25:32,-13.275,-50.1628,81.55,75,51,3.06,broken clouds
657,Irtyshskiy,RU,2022-02-12 15:28:22,58.3333,68.1333,5.79,88,100,10.0,overcast clouds
658,Quelimane,MZ,2022-02-12 15:28:22,-17.8786,36.8883,78.75,89,75,9.22,broken clouds
659,Ponta Delgada,PT,2022-02-12 15:28:22,37.7333,-25.6667,61.52,67,75,12.66,broken clouds
660,Mehamn,NO,2022-02-12 15:28:22,71.0357,27.8492,26.47,71,99,15.57,light snow
661,Aklavik,CA,2022-02-12 15:28:28,68.2191,-135.0107,-34.6,74,0,2.3,clear sky
662,Gornopravdinsk,RU,2022-02-12 15:28:28,60.05,69.9,3.09,91,80,9.4,broken clouds
663,Bartica,GY,2022-02-12 15:28:28,6.4,-58.6167,77.32,74,98,4.74,overcast clouds
664,Mayumba,GA,2022-02-12 15:28:29,-3.432,10.6554,82.09,76,19,10.16,few clouds
665,Kudahuvadhoo,MV,2022-02-12 15:28:29,2.6708,72.8944,82.08,66,94,7.61,overcast clouds
